fold,organ,vol_id,spacing_x,spacing_y,spacing_z,dice_baseline,hd95_baseline,dice_adafob_2d,hd95_adafob_2d,dice_lora_fob,hd95_lora_fob,dice_lora_ada,hd95_lora_ada
0,SPLEEN,/kaggle/input/datasets/nhatphatnguyen/adafob-env/sabs_CT_normalized/image_0.nii,1.1689453125,1.1689453125,3.0,0.950864036298276,3.0,0.9458285465681444,3.5068359375,0.9751323493087128,1.1689453125,0.975520204009426,1.1689453125
0,SPLEEN,/kaggle/input/datasets/nhatphatnguyen/adafob-env/sabs_CT_normalized/image_1.nii,1.26123046875,1.26123046875,3.0,0.92175687934684,5.044921875,0.9351612280363004,1.783649234184426,0.9512665251844784,1.26123046875,0.9498611030168812,1.26123046875
0,SPLEEN,/kaggle/input/datasets/nhatphatnguyen/adafob-env/sabs_CT_normalized/image_3.nii,1.0390625,1.0390625,3.0,0.8789260502256683,40.96511558863091,0.8333918847707711,238.19085696738435,0.8619191666477131,269.7266727480509,0.8646464186512454,276.9959358681716
0,SPLEEN,/kaggle/input/datasets/nhatphatnguyen/adafob-env/sabs_CT_normalized/image_4.nii,1.5859375,1.5859375,3.0,0.947670974821087,27.533497590053784,0.9518033522167728,25.49114129871145,0.9565572733729653,22.13009037834008,0.9538739123264816,23.285659188181143
0,SPLEEN,/kaggle/input/datasets/nhatphatnguyen/adafob-env/sabs_CT_normalized/image_5.nii,1.22705078125,1.22705078125,3.0,0.7066277571837948,33.75861524542514,0.7707994226221554,25.79726535772108,0.7376645486881708,41.7197265625,0.7311004784688995,44.24194509395022
0,SPLEEN,/kaggle/input/datasets/nhatphatnguyen/adafob-env/sabs_CT_normalized/image_6.nii,1.30908203125,1.30908203125,3.0,0.8291404676336074,17.612249212598037,0.9043124671157332,8.806124606299019,0.9480484103202708,14.39990234375,0.9597598699732608,7.049622484339651
0,RK,/kaggle/input/datasets/nhatphatnguyen/adafob-env/sabs_CT_normalized/image_0.nii,1.1689453125,1.1689453125,3.0,0.8224048982368615,8.94731934536918,0.8064489862389056,8.793273405324443,0.927351245559172,9.023356172269455,0.9365345127152108,8.429384524864053
0,RK,/kaggle/input/datasets/nhatphatnguyen/adafob-env/sabs_CT_normalized/image_1.nii,1.26123046875,1.26123046875,3.0,0.9469435330685546,3.567298468368852,0.9260802127188124,4.547431125255607,0.9489528502631872,1.783649234184426,0.947906208865984,1.783649234184426
0,RK,/kaggle/input/datasets/nhatphatnguyen/adafob-env/sabs_CT_normalized/image_3.nii,1.0390625,1.0390625,3.0,0.9218163107795216,19.102931635492823,0.9181089618085468,17.683909776049443,0.9253655127929478,4.28416443911835,0.925798565403111,4.28416443911835
0,RK,/kaggle/input/datasets/nhatphatnguyen/adafob-env/sabs_CT_normalized/image_4.nii,1.5859375,1.5859375,3.0,0.8534674135168114,73.01946657005682,0.8363912777786058,83.0966800031088,0.8636088404480775,93.720886305204,0.8607392908228563,97.36741786912089
0,RK,/kaggle/input/datasets/nhatphatnguyen/adafob-env/sabs_CT_normalized/image_5.nii,1.22705078125,1.22705078125,3.0,0.8998490832610859,104.30968991833718,0.9037800687285223,13.71884479359612,0.6825811424167166,11.443685734983507,0.6893611763252193,18.06056721123992
0,RK,/kaggle/input/datasets/nhatphatnguyen/adafob-env/sabs_CT_normalized/image_6.nii,1.30908203125,1.30908203125,3.0,0.8716945471425966,118.53903135910474,0.8775769278907186,90.56043935346608,0.9069427850789858,12.157687153725895,0.911886524822695,9.275231450425292
1,SPLEEN,/kaggle/input/datasets/nhatphatnguyen/adafob-env/sabs_CT_normalized/image_6.nii,1.30908203125,1.30908203125,3.0,0.9401533473987548,17.468086285001164,0.8128853473412425,338.2079962031568,0.9326272983559116,17.75128076670041,0.9377043829752512,11.505915654436071
1,SPLEEN,/kaggle/input/datasets/nhatphatnguyen/adafob-env/sabs_CT_normalized/image_7.nii,1.27490234375,1.27490234375,3.0,0.7062347513104814,67.28054786702018,0.7146582539339278,53.53699399618902,0.651505621944895,321.5724219837282,0.7001892595221197,104.38085212291357
1,SPLEEN,/kaggle/input/datasets/nhatphatnguyen/adafob-env/sabs_CT_normalized/image_9.nii,1.3671875,1.3671875,3.0,0.3279116417333301,103.63633491949822,0.3983832298518473,85.18218239630835,0.4722979714000665,92.69475206699938,0.4788737213041842,92.8524111126113
1,SPLEEN,/kaggle/input/datasets/nhatphatnguyen/adafob-env/sabs_CT_normalized/image_10.nii,1.1962890625,1.1962890625,3.0,0.4274681046137589,55.43229779487277,0.5516351647451518,45.86883874622892,0.5341730814089106,44.05748812288185,0.5692806967095263,43.96783984794549
1,SPLEEN,/kaggle/input/datasets/nhatphatnguyen/adafob-env/sabs_CT_normalized/image_11.nii,1.343261480331421,1.343261480331421,5.0,0.9308687615526802,20.14892220497132,0.8328478091470359,388.4538114956912,0.9093596540519412,362.37094567903193,0.9066936624871932,379.8824192351175
1,SPLEEN,/kaggle/input/datasets/nhatphatnguyen/adafob-env/sabs_CT_normalized/image_12.nii,1.2373046875,1.2373046875,5.0,0.8190173858476985,81.24912753283394,0.8149230574949036,85.80665044344384,0.7255091557382003,493.3360423064565,0.7130910749581876,502.13322514512095
1,RK,/kaggle/input/datasets/nhatphatnguyen/adafob-env/sabs_CT_normalized/image_6.nii,1.30908203125,1.30908203125,3.0,0.8705541976355564,27.822843975939072,0.907643085673658,3.92724609375,0.9259185194611594,3.70264312570534,0.9309929129831228,2.927196409998504
1,RK,/kaggle/input/datasets/nhatphatnguyen/adafob-env/sabs_CT_normalized/image_7.nii,1.27490234375,1.27490234375,3.0,0.3058951371909807,76.80911220667087,0.1298419438546827,149.87009386636083,0.0224748694087177,150.62715902707168,0.0343638379110727,153.53448438352814
1,RK,/kaggle/input/datasets/nhatphatnguyen/adafob-env/sabs_CT_normalized/image_9.nii,1.3671875,1.3671875,3.0,0.9068917961906892,11.423576843973006,0.8894888197664182,7.010437168090974,0.93215754990096,3.2968472303332845,0.9322320326592614,3.0571241879879936
1,RK,/kaggle/input/datasets/nhatphatnguyen/adafob-env/sabs_CT_normalized/image_10.nii,1.1962890625,1.1962890625,3.0,0.8659297052154195,4.78515625,0.7076360656770981,81.5364622962095,0.9418230516374768,2.392578125,0.9398238068812432,2.6749836644894947
1,RK,/kaggle/input/datasets/nhatphatnguyen/adafob-env/sabs_CT_normalized/image_11.nii,1.343261480331421,1.343261480331421,5.0,0.7361340949127209,86.9390069561985,0.805584736859941,5.373045921325684,0.9414668332368444,1.343261480331421,0.9447083181098528,1.343261480331421
1,RK,/kaggle/input/datasets/nhatphatnguyen/adafob-env/sabs_CT_normalized/image_12.nii,1.2373046875,1.2373046875,5.0,0.899942363112392,2.7666973901291345,0.798689409270502,3.499626139700608,0.8793225894564327,94.08822546574308,0.9114674496075884,4.94921875
2,SPLEEN,/kaggle/input/datasets/nhatphatnguyen/adafob-env/sabs_CT_normalized/image_12.nii,1.2373046875,1.2373046875,5.0,0.9326224124571048,39.94635982472189,0.9402766293317296,2.474609375,0.94499003175072,12.373046875,0.9461761608248184,9.8984375
2,SPLEEN,/kaggle/input/datasets/nhatphatnguyen/adafob-env/sabs_CT_normalized/image_13.nii,1.19970703125,1.19970703125,3.0,0.9398237034994112,3.59912109375,0.9477362309577074,2.6826264749594646,0.965803911714202,1.6966419544681126,0.9654573240940398,1.6966419544681126
2,SPLEEN,/kaggle/input/datasets/nhatphatnguyen/adafob-env/sabs_CT_normalized/image_15.nii,1.363769769668579,1.363769769668579,5.0,0.9403867668211604,2.727539539337158,0.9529491894837216,1.363769769668579,0.9640428656911276,1.363769769668579,0.9639039251421266,1.363769769668579
2,SPLEEN,/kaggle/input/datasets/nhatphatnguyen/adafob-env/sabs_CT_normalized/image_16.nii,1.3569341897964478,1.3569341897964478,5.0,0.8371507676818525,41.20256429634369,0.8679439678231063,25.01015162013576,0.8710492079283692,26.25274321933488,0.868000762340385,27.76174544499336
2,SPLEEN,/kaggle/input/datasets/nhatphatnguyen/adafob-env/sabs_CT_normalized/image_17.nii,1.39453125,1.39453125,5.0,0.8493359523879328,34.25851482773306,0.9151030550157688,21.28659568563722,0.9191247619939446,38.009056942315326,0.9134302179904786,37.0235660870314
2,SPLEEN,/kaggle/input/datasets/nhatphatnguyen/adafob-env/sabs_CT_normalized/image_18.nii,1.53125,1.53125,3.0,0.949950386981544,3.0,0.9472684477846142,2.165514517383802,0.9622973784270562,1.53125,0.9634200088144556,1.53125
2,RK,/kaggle/input/datasets/nhatphatnguyen/adafob-env/sabs_CT_normalized/image_12.nii,1.2373046875,1.2373046875,5.0,0.9025368664896322,4.94921875,0.8853568199714194,4.324049363640615,0.6808250379618694,99.7643414356612,0.6551416281146011,107.3703042762893
2,RK,/kaggle/input/datasets/nhatphatnguyen/adafob-env/sabs_CT_normalized/image_13.nii,1.19970703125,1.19970703125,3.0,0.9124713388495664,5.785157589393888,0.8709239130434783,4.3256052167065535,0.9528691217832452,1.6966419544681126,0.9541680942466332,1.6966419544681126
2,RK,/kaggle/input/datasets/nhatphatnguyen/adafob-env/sabs_CT_normalized/image_15.nii,1.363769769668579,1.363769769668579,5.0,0.8804117195611936,8.182618618011475,0.8614219803620017,6.818848848342896,0.9444025034702774,1.363769769668579,0.944133261896644,1.363769769668579
2,RK,/kaggle/input/datasets/nhatphatnguyen/adafob-env/sabs_CT_normalized/image_16.nii,1.3569341897964478,1.3569341897964478,5.0,0.7631152077250434,107.26430130085298,0.697542204087947,110.92055166794086,0.7563821355501078,120.80219626894376,0.7562284470835562,120.72053621349497
2,RK,/kaggle/input/datasets/nhatphatnguyen/adafob-env/sabs_CT_normalized/image_17.nii,1.39453125,1.39453125,5.0,0.8686920045760773,5.916495020709315,0.8502612237669352,5.028053927111891,0.9199456029011784,2.7890625,0.9202197702402034,3.1182666717477536
2,RK,/kaggle/input/datasets/nhatphatnguyen/adafob-env/sabs_CT_normalized/image_18.nii,1.53125,1.53125,3.0,0.8186148091354755,45.3137081580273,0.7687565256301895,43.9878212987971,0.8650513913879372,60.03840730367937,0.8655106735597496,59.93625548422439
3,SPLEEN,/kaggle/input/datasets/nhatphatnguyen/adafob-env/sabs_CT_normalized/image_18.nii,1.53125,1.53125,3.0,0.9430220335957796,12.93619395558201,0.8668563726224352,15.3125,0.9605132668137384,13.78125,0.960304293286934,13.78125
3,SPLEEN,/kaggle/input/datasets/nhatphatnguyen/adafob-env/sabs_CT_normalized/image_19.nii,1.298828125,1.298828125,3.0,0.9483211471569531,9.202534157350163,0.9306445036098918,7.79296875,0.9349571057292028,293.2186238240852,0.931190154412399,291.6448115058839
3,SPLEEN,/kaggle/input/datasets/nhatphatnguyen/adafob-env/sabs_CT_normalized/image_21.nii,1.29541015625,1.29541015625,3.0,0.5353342659714274,69.5151177154204,0.4352840044964623,74.34935983955602,0.719695136704573,344.1649474810605,0.7658799838904551,349.3858881096925
3,SPLEEN,/kaggle/input/datasets/nhatphatnguyen/adafob-env/sabs_CT_normalized/image_22.nii,1.425292730331421,1.425292730331421,5.0,0.8181007383580671,130.31219825169347,0.7275244899462326,151.62797124414888,0.8767704535946931,608.7308308657422,0.8808394682564774,610.0333017035567
3,SPLEEN,/kaggle/input/datasets/nhatphatnguyen/adafob-env/sabs_CT_normalized/image_23.nii,1.17578125,1.17578125,5.0,0.9281275763206144,4.847870286370765,0.8895994700366898,4.703125,0.9638175636065188,2.3515625,0.9555138793434832,360.01507235333173
3,SPLEEN,/kaggle/input/datasets/nhatphatnguyen/adafob-env/sabs_CT_normalized/image_24.nii,1.609863519668579,1.609863519668579,5.0,0.9605461257656692,1.609863519668579,0.9635659396424948,1.609863519668579,0.965627864344638,1.609863519668579,0.9653605669028762,1.609863519668579
3,RK,/kaggle/input/datasets/nhatphatnguyen/adafob-env/sabs_CT_normalized/image_18.nii,1.53125,1.53125,3.0,0.8292946369869447,40.95279782171717,0.8235999232834675,46.12043718962885,0.8683390307661372,59.50680640766214,0.8680553810588738,59.88656168862235
3,RK,/kaggle/input/datasets/nhatphatnguyen/adafob-env/sabs_CT_normalized/image_19.nii,1.298828125,1.298828125,3.0,0.8881767622232285,22.79491543207968,0.8851457890126392,10.144171942339698,0.947564839513594,3.896484375,0.9481691270457906,3.517656747976134
3,RK,/kaggle/input/datasets/nhatphatnguyen/adafob-env/sabs_CT_normalized/image_21.nii,1.29541015625,1.29541015625,3.0,0.9162744165450282,10.36328125,0.8961189550508151,5.987436811077875,0.9408902198325734,2.5908203125,0.941064282673478,2.5908203125
3,RK,/kaggle/input/datasets/nhatphatnguyen/adafob-env/sabs_CT_normalized/image_22.nii,1.425292730331421,1.425292730331421,5.0,0.9058585222914904,66.67198955057911,0.9015071283095722,6.374102865714667,0.9118729340346354,5.138966021756007,0.914451688398529,4.031336619172948
3,RK,/kaggle/input/datasets/nhatphatnguyen/adafob-env/sabs_CT_normalized/image_23.nii,1.17578125,1.17578125,5.0,0.9081542384347192,3.52734375,0.8494176837789994,4.703125,0.9265591397849462,2.3515625,0.925344199321474,2.3515625
3,RK,/kaggle/input/datasets/nhatphatnguyen/adafob-env/sabs_CT_normalized/image_24.nii,1.609863519668579,1.609863519668579,5.0,0.8764466437864156,40.86457720887683,0.8422304327515182,34.52085436197908,0.9082701784900816,37.92999306749018,0.9066081847146936,36.88739286182494
4,SPLEEN,/kaggle/input/datasets/nhatphatnguyen/adafob-env/sabs_CT_normalized/image_0.nii,1.1689453125,1.1689453125,3.0,0.964750957854406,1.653138314609956,0.9720344457838548,1.1689453125,0.976369673860241,1.1689453125,0.9761869900302156,1.1689453125
4,SPLEEN,/kaggle/input/datasets/nhatphatnguyen/adafob-env/sabs_CT_normalized/image_24.nii,1.609863519668579,1.609863519668579,5.0,0.9478735184349752,3.5997642644760126,0.9506050720825002,3.219727039337158,0.96714395561005,1.609863519668579,0.9661886100225132,1.609863519668579
4,SPLEEN,/kaggle/input/datasets/nhatphatnguyen/adafob-env/sabs_CT_normalized/image_26.nii,1.23046875,1.23046875,5.0,0.9180678059536936,11.673251518980932,0.932380935500452,2.751411769189194,0.9397935581869024,11.07421875,0.9515224568942928,1.23046875
4,SPLEEN,/kaggle/input/datasets/nhatphatnguyen/adafob-env/sabs_CT_normalized/image_27.nii,1.7089835405349731,1.7089835405349731,5.0,0.789880452716589,105.81876203138836,0.910783476718986,53.22598988806943,0.9412491844933558,27.82023645805612,0.9419006516618236,27.051639276027384
4,SPLEEN,/kaggle/input/datasets/nhatphatnguyen/adafob-env/sabs_CT_normalized/image_28.nii,1.7080000638961792,1.7080000638961792,5.0,0.9593749413068384,2.415476854896089,0.9686835712116612,1.7080000638961792,0.9720314407814408,1.7080000638961792,0.971569414192365,1.7080000638961792
4,SPLEEN,/kaggle/input/datasets/nhatphatnguyen/adafob-env/sabs_CT_normalized/image_29.nii,1.298828125,1.298828125,3.0,0.752603000447828,48.15064224179278,0.840340871410571,32.22129058969127,0.9301932949729524,18.392780041688983,0.9331027924267312,17.66597243810365
4,RK,/kaggle/input/datasets/nhatphatnguyen/adafob-env/sabs_CT_normalized/image_0.nii,1.1689453125,1.1689453125,3.0,0.8317691841657046,8.429384524864053,0.8165394960117281,8.1826171875,0.9504962766342012,5.8447265625,0.9495719346077186,6.02732634526408
4,RK,/kaggle/input/datasets/nhatphatnguyen/adafob-env/sabs_CT_normalized/image_24.nii,1.609863519668579,1.609863519668579,5.0,0.8909422588832487,33.41611829363306,0.8706107505408553,31.86622770815068,0.911076833284696,33.5942391631462,0.9075379384691932,33.56673613806897
4,RK,/kaggle/input/datasets/nhatphatnguyen/adafob-env/sabs_CT_normalized/image_26.nii,1.23046875,1.23046875,5.0,0.9153295917244416,4.921875,0.8845824757764262,3.69140625,0.9459514768412196,1.7401455943262694,0.9453735684421014,1.7401455943262694
4,RK,/kaggle/input/datasets/nhatphatnguyen/adafob-env/sabs_CT_normalized/image_27.nii,1.7089835405349731,1.7089835405349731,5.0,0.8973844427060305,5.404280471829208,0.8889902783139718,5.126950621604919,0.9445815075302868,1.7089835405349731,0.9444546828351332,1.7089835405349731
4,RK,/kaggle/input/datasets/nhatphatnguyen/adafob-env/sabs_CT_normalized/image_28.nii,1.7080000638961792,1.7080000638961792,5.0,0.8929438202247191,7.04226467200566,0.8889399439415522,6.534871488992644,0.9380530973451328,1.7080000638961792,0.925242910965695,3.4160001277923584
4,RK,/kaggle/input/datasets/nhatphatnguyen/adafob-env/sabs_CT_normalized/image_29.nii,1.298828125,1.298828125,3.0,0.8858226188100464,22.19438472904749,0.7602385685884692,154.07562449591902,0.8126087240860637,146.90251798825238,0.8119569903711736,146.88108904979262
1,LK,/kaggle/input/datasets/nhatphatnguyen/adafob-env/sabs_CT_normalized/image_6.nii,1.30908203125,1.30908203125,3.0,0.7977629811342796,33.580116170332346,0.7902806169856904,31.4260181254486,0.820447709306368,35.901217779475346,0.8189813008374104,35.85877872877187
1,LK,/kaggle/input/datasets/nhatphatnguyen/adafob-env/sabs_CT_normalized/image_7.nii,1.27490234375,1.27490234375,3.0,0.0762640052725732,153.93333738672288,0.0802927803038704,156.07007863407344,0.0614816424071257,157.1449079172921,0.0734799482535575,157.27244968171314
1,LK,/kaggle/input/datasets/nhatphatnguyen/adafob-env/sabs_CT_normalized/image_9.nii,1.3671875,1.3671875,3.0,0.8446052741036519,19.69732344172918,0.8004686725451022,16.422724112463946,0.8551267853593435,16.19176954131037,0.8552674116241479,16.595088811339636
1,LK,/kaggle/input/datasets/nhatphatnguyen/adafob-env/sabs_CT_normalized/image_10.nii,1.1962890625,1.1962890625,3.0,0.8583299490800037,38.14987283429046,0.7902186978596674,11.348994532342571,0.9155935187298276,18.505351993580422,0.9173677046949048,15.630008982977811
1,LK,/kaggle/input/datasets/nhatphatnguyen/adafob-env/sabs_CT_normalized/image_11.nii,1.343261480331421,1.343261480331421,5.0,0.8939843686174124,5.373045921325684,0.8248597847506443,4.247765771016759,0.9424537291023012,1.343261480331421,0.9353327620679804,2.686522960662842
1,LK,/kaggle/input/datasets/nhatphatnguyen/adafob-env/sabs_CT_normalized/image_12.nii,1.2373046875,1.2373046875,5.0,0.8533194901078618,86.18510995414321,0.8229582744423278,74.74575144571502,0.8776630274417232,79.07015378218289,0.8599265662493857,90.92009040531732
1,LIVER,/kaggle/input/datasets/nhatphatnguyen/adafob-env/sabs_CT_normalized/image_6.nii,1.30908203125,1.30908203125,3.0,0.8401930723530111,89.17376518954038,0.880845833203397,49.5403645926648,0.9197675284812964,39.9921134261574,0.9154625656896536,41.08378742654261
1,LIVER,/kaggle/input/datasets/nhatphatnguyen/adafob-env/sabs_CT_normalized/image_7.nii,1.27490234375,1.27490234375,3.0,0.924460486437916,9.50098938558307,0.9264429627676144,8.063190401073866,0.9659203234985771,1.802984185232496,0.9660765802678402,1.802984185232496
1,LIVER,/kaggle/input/datasets/nhatphatnguyen/adafob-env/sabs_CT_normalized/image_9.nii,1.3671875,1.3671875,3.0,0.9073447227469312,48.69088525719066,0.928386802493538,16.40625,0.9526309138193644,13.997148495876758,0.9512197064633292,15.396187922309291
1,LIVER,/kaggle/input/datasets/nhatphatnguyen/adafob-env/sabs_CT_normalized/image_10.nii,1.1962890625,1.1962890625,3.0,0.9011316889010672,33.99220559591602,0.8973286990880232,21.16451402916876,0.957344820649623,8.024950993468483,0.9554523370779195,8.567370567891341
1,LIVER,/kaggle/input/datasets/nhatphatnguyen/adafob-env/sabs_CT_normalized/image_11.nii,1.343261480331421,1.343261480331421,5.0,0.8888316187245469,18.04283585159966,0.8811296263596006,11.852362207201493,0.9574998479965952,2.686522960662842,0.9561565689124591,2.686522960662842
1,LIVER,/kaggle/input/datasets/nhatphatnguyen/adafob-env/sabs_CT_normalized/image_12.nii,1.2373046875,1.2373046875,5.0,0.8364477870986404,55.828145704601255,0.8162660590240874,85.03961454092907,0.8590305639333189,31.08517849868866,0.8578230563002681,31.30160777682294
2,LK,/kaggle/input/datasets/nhatphatnguyen/adafob-env/sabs_CT_normalized/image_12.nii,1.2373046875,1.2373046875,5.0,0.8984001910219676,2.474609375,0.8979726092937025,2.7666973901291345,0.9039369137941334,49.15279363083051,0.884212987316617,77.24709415443385
2,LK,/kaggle/input/datasets/nhatphatnguyen/adafob-env/sabs_CT_normalized/image_13.nii,1.19970703125,1.19970703125,3.0,0.8671456376000192,24.352041407874104,0.8752456290623268,8.047879424878394,0.8300409988818487,52.034112327038976,0.8037817591046528,65.64061394962394
2,LK,/kaggle/input/datasets/nhatphatnguyen/adafob-env/sabs_CT_normalized/image_15.nii,1.363769769668579,1.363769769668579,5.0,0.8673627141616722,31.7043539611831,0.7997628364757501,20.26656299815031,0.9161695447409732,24.07606984147756,0.916296396032494,24.19556868512813
2,LK,/kaggle/input/datasets/nhatphatnguyen/adafob-env/sabs_CT_normalized/image_16.nii,1.3569341897964478,1.3569341897964478,5.0,0.8894925679138903,10.597994816084364,0.8681507770070441,7.307314244489402,0.8655719312560559,42.33776891195396,0.8650880636199119,46.01155854534736
2,LK,/kaggle/input/datasets/nhatphatnguyen/adafob-env/sabs_CT_normalized/image_17.nii,1.39453125,1.39453125,5.0,0.8357160524363096,7.888660027612421,0.788633109373279,4.18359375,0.919870918339441,2.7890625,0.9220409503996496,2.7890625
2,LK,/kaggle/input/datasets/nhatphatnguyen/adafob-env/sabs_CT_normalized/image_18.nii,1.53125,1.53125,3.0,0.8608383233532935,29.561904288859253,0.6883178306794892,24.993378029240063,0.9127509156469152,29.57176453667417,0.9121072666325776,29.56929947472045
2,LIVER,/kaggle/input/datasets/nhatphatnguyen/adafob-env/sabs_CT_normalized/image_12.nii,1.2373046875,1.2373046875,5.0,0.8714032310701338,57.61960915776818,0.8894816764071068,32.94300638458558,0.8838913854759245,39.61307816810263,0.8797119189028437,39.53901817984095
2,LIVER,/kaggle/input/datasets/nhatphatnguyen/adafob-env/sabs_CT_normalized/image_13.nii,1.19970703125,1.19970703125,3.0,0.9072521371021628,14.359097591206918,0.9039640447091684,14.003878209552862,0.9698620900365582,2.3994140625,0.9700941270610036,2.3994140625
2,LIVER,/kaggle/input/datasets/nhatphatnguyen/adafob-env/sabs_CT_normalized/image_15.nii,1.363769769668579,1.363769769668579,5.0,0.8799732347553284,44.85470196347784,0.8716727539916226,45.086539920111925,0.9629586802343508,1.9286617042197365,0.9619003378146224,1.9286617042197365
2,LIVER,/kaggle/input/datasets/nhatphatnguyen/adafob-env/sabs_CT_normalized/image_16.nii,1.3569341897964478,1.3569341897964478,5.0,0.9277149257039036,50.3082585225068,0.8842293933916674,69.24470431604142,0.9717218012960384,2.7138683795928955,0.9719380997703676,2.7138683795928955
2,LIVER,/kaggle/input/datasets/nhatphatnguyen/adafob-env/sabs_CT_normalized/image_17.nii,1.39453125,1.39453125,5.0,0.7607373210073889,18.182462958260512,0.6611228805572937,19.5234375,0.9229508522783778,10.056107854223782,0.920260610691884,10.891637243354202
2,LIVER,/kaggle/input/datasets/nhatphatnguyen/adafob-env/sabs_CT_normalized/image_18.nii,1.53125,1.53125,3.0,0.9239747506951144,18.375,0.91349923942805,10.82757258691901,0.9751374353831084,3.3681933677418225,0.9754018908654994,3.0625
3,LK,/kaggle/input/datasets/nhatphatnguyen/adafob-env/sabs_CT_normalized/image_18.nii,1.53125,1.53125,3.0,0.894105949290173,7.65625,0.8859966672412802,6.736386735483645,0.9039731263755356,232.45494427402565,0.939725697786333,3.0625
3,LK,/kaggle/input/datasets/nhatphatnguyen/adafob-env/sabs_CT_normalized/image_19.nii,1.298828125,1.298828125,3.0,0.9293098938615934,7.610744116267755,0.8869074024783368,6.494140625,0.9485606005393192,2.59765625,0.9491456350245976,2.59765625
3,LK,/kaggle/input/datasets/nhatphatnguyen/adafob-env/sabs_CT_normalized/image_21.nii,1.29541015625,1.29541015625,3.0,0.8207883398053087,42.67524703400706,0.8142515507062252,39.89083510813085,0.8964471151041363,34.05429080767968,0.8757461693471731,36.3701076429199
3,LK,/kaggle/input/datasets/nhatphatnguyen/adafob-env/sabs_CT_normalized/image_22.nii,1.425292730331421,1.425292730331421,5.0,0.8395792850313069,7.675436251245417,0.7590622603128022,8.551756381988525,0.790177101850023,7.1264636516571045,0.7847162439573538,9.014342720654891
3,LK,/kaggle/input/datasets/nhatphatnguyen/adafob-env/sabs_CT_normalized/image_23.nii,1.17578125,1.17578125,5.0,0.9296429326008874,3.325611580267981,0.8953697254096858,3.52734375,0.856634719889339,647.7206579772952,0.9304881991593922,81.5336003656861
3,LK,/kaggle/input/datasets/nhatphatnguyen/adafob-env/sabs_CT_normalized/image_24.nii,1.609863519668579,1.609863519668579,5.0,0.9054532056005896,10.799292793428036,0.8690913398886387,7.199528528952025,0.892190278601067,68.58140969743299,0.8959239029465315,54.61744662173512
3,LIVER,/kaggle/input/datasets/nhatphatnguyen/adafob-env/sabs_CT_normalized/image_18.nii,1.53125,1.53125,3.0,0.8694733836185674,20.745222529838045,0.8455826751806419,14.393228931080753,0.9733266963141064,3.0625,0.9737184515729002,3.0625
3,LIVER,/kaggle/input/datasets/nhatphatnguyen/adafob-env/sabs_CT_normalized/image_19.nii,1.298828125,1.298828125,3.0,0.7598134338434711,18.42940806605136,0.6426458563023343,15.639961708782964,0.9377293319895498,17.66597243810365,0.9312490906504975,16.343317846708036
3,LIVER,/kaggle/input/datasets/nhatphatnguyen/adafob-env/sabs_CT_normalized/image_21.nii,1.29541015625,1.29541015625,3.0,0.8306775314607076,16.301760130614557,0.7650626996141063,14.655892894436802,0.9439965966774342,15.59880391481248,0.94386003485432,16.08966351820506
3,LIVER,/kaggle/input/datasets/nhatphatnguyen/adafob-env/sabs_CT_normalized/image_22.nii,1.425292730331421,1.425292730331421,5.0,0.8940549471047512,7.267595444541854,0.8130384545214976,9.977049112319946,0.9316478441447904,4.275878190994263,0.9316424227643556,4.275878190994263
3,LIVER,/kaggle/input/datasets/nhatphatnguyen/adafob-env/sabs_CT_normalized/image_23.nii,1.17578125,1.17578125,5.0,0.8391538370725351,9.40625,0.8038863857499189,8.95448322212905,0.9537792522191338,7.0546875,0.9537599576228022,7.0546875
3,LIVER,/kaggle/input/datasets/nhatphatnguyen/adafob-env/sabs_CT_normalized/image_24.nii,1.609863519668579,1.609863519668579,5.0,0.8921099820681411,58.74086091618339,0.8805930054901697,11.383454115424952,0.9668262586181634,3.5997642644760126,0.9655117992179886,5.090835444167986
4,LK,/kaggle/input/datasets/nhatphatnguyen/adafob-env/sabs_CT_normalized/image_0.nii,1.1689453125,1.1689453125,3.0,0.9180100304495792,18.34956580252524,0.9025663331883428,7.456521736257846,0.9327703799935044,26.42730938538216,0.930669881976488,24.37232002193432
4,LK,/kaggle/input/datasets/nhatphatnguyen/adafob-env/sabs_CT_normalized/image_24.nii,1.609863519668579,1.609863519668579,5.0,0.8939786804955344,10.758375135498213,0.8111083312484363,6.439454078674316,0.8898109050853681,81.34366502595319,0.8890356671070013,82.05187335856517
4,LK,/kaggle/input/datasets/nhatphatnguyen/adafob-env/sabs_CT_normalized/image_26.nii,1.23046875,1.23046875,5.0,0.91160409556314,4.921875,0.855870597387269,3.69140625,0.949908555171713,1.7401455943262694,0.9467737440782308,2.4609375
4,LK,/kaggle/input/datasets/nhatphatnguyen/adafob-env/sabs_CT_normalized/image_27.nii,1.7089835405349731,1.7089835405349731,5.0,0.9164265129682996,5.404280471829208,0.8870695882494583,5.126950621604919,0.9395991706979958,1.7089835405349731,0.9398258939409704,1.7089835405349731
4,LK,/kaggle/input/datasets/nhatphatnguyen/adafob-env/sabs_CT_normalized/image_28.nii,1.7080000638961792,1.7080000638961792,5.0,0.8719249762152856,9.19786183467719,0.8018489447060876,59.76418258081441,0.8506674082313682,58.52426887514048,0.8491986513325019,58.38763197124604
4,LK,/kaggle/input/datasets/nhatphatnguyen/adafob-env/sabs_CT_normalized/image_29.nii,1.298828125,1.298828125,3.0,0.8889317765125929,42.019143283177456,0.8735029829314148,19.540360082395058,0.8612532225531971,46.751715626387565,0.8723297888151761,41.99906484380225
4,LIVER,/kaggle/input/datasets/nhatphatnguyen/adafob-env/sabs_CT_normalized/image_0.nii,1.1689453125,1.1689453125,3.0,0.9140576646485428,9.3515625,0.9197940359251852,9.424338403040394,0.969899424683744,2.6138411807297346,0.9713451850358455,2.6138411807297346
4,LIVER,/kaggle/input/datasets/nhatphatnguyen/adafob-env/sabs_CT_normalized/image_24.nii,1.609863519668579,1.609863519668579,5.0,0.9017765932984776,80.03105486924204,0.913766787596162,16.857225607909818,0.9596129344911948,8.049317598342896,0.9670650667674476,3.219727039337158
4,LIVER,/kaggle/input/datasets/nhatphatnguyen/adafob-env/sabs_CT_normalized/image_26.nii,1.23046875,1.23046875,5.0,0.9158077735005588,6.15234375,0.927277290096579,5.073352625271731,0.9723458335164876,1.23046875,0.9723271122965628,1.23046875
4,LIVER,/kaggle/input/datasets/nhatphatnguyen/adafob-env/sabs_CT_normalized/image_27.nii,1.7089835405349731,1.7089835405349731,5.0,0.903348914175106,65.45008407847573,0.9203020740112728,16.530369114289414,0.9508577634378728,10.808560943658415,0.9511494706779934,10.808560943658415
4,LIVER,/kaggle/input/datasets/nhatphatnguyen/adafob-env/sabs_CT_normalized/image_28.nii,1.7080000638961792,1.7080000638961792,5.0,0.921939908395946,20.49600076675415,0.9310587774262,10.248000383377075,0.9652278819271451,3.819204248445841,0.9650596607630156,3.819204248445841
4,LIVER,/kaggle/input/datasets/nhatphatnguyen/adafob-env/sabs_CT_normalized/image_29.nii,1.298828125,1.298828125,3.0,0.8599517950019028,26.284911930817504,0.8628515096595227,16.75137016044351,0.9648738785288176,9.661662637173311,0.9646154943804612,10.390625
0,LK,/kaggle/input/datasets/nhatphatnguyen/adafob-env/sabs_CT_normalized/image_0.nii,1.1689453125,1.1689453125,3.0,0.9346065210943026,20.19211719255399,0.9113921024954584,7.6283414429459055,0.9570416508178016,3.306276629219912,0.8320475514916795,328.2127087057464
0,LK,/kaggle/input/datasets/nhatphatnguyen/adafob-env/sabs_CT_normalized/image_1.nii,1.26123046875,1.26123046875,3.0,0.9303825956489122,5.350947702553278,0.924537054934859,5.044921875,0.9572053411433746,1.26123046875,0.9570582904301884,1.26123046875
0,LK,/kaggle/input/datasets/nhatphatnguyen/adafob-env/sabs_CT_normalized/image_3.nii,1.0390625,1.0390625,3.0,0.9489687325799422,91.5351488737584,0.919607483011046,87.62582664295792,0.9619826064212385,1.4694562796532942,0.961042699922792,2.078125
0,LK,/kaggle/input/datasets/nhatphatnguyen/adafob-env/sabs_CT_normalized/image_4.nii,1.5859375,1.5859375,3.0,0.910454074711554,16.140625,0.8968844402362596,11.43635795186234,0.9417759686416404,4.644996100055548,0.9397815161455356,9.13027741443573
0,LK,/kaggle/input/datasets/nhatphatnguyen/adafob-env/sabs_CT_normalized/image_5.nii,1.22705078125,1.22705078125,3.0,0.937624168787456,5.205935569692755,0.8890467395936923,4.748776956006264,0.8470096441855107,38.38202687238724,0.816862680139142,41.3936446727511
0,LK,/kaggle/input/datasets/nhatphatnguyen/adafob-env/sabs_CT_normalized/image_6.nii,1.30908203125,1.30908203125,3.0,0.8471388067436968,22.899583051875368,0.7972324108036012,19.90716561407996,0.920023290861762,19.68475038153682,0.9223304311917134,17.01806640625
0,LIVER,/kaggle/input/datasets/nhatphatnguyen/adafob-env/sabs_CT_normalized/image_0.nii,1.1689453125,1.1689453125,3.0,0.8580004654508526,12.64407678729608,0.8965592867635058,10.346715588437595,0.9714956595986908,3.2196945730326227,0.9713910499368308,3.0
0,LIVER,/kaggle/input/datasets/nhatphatnguyen/adafob-env/sabs_CT_normalized/image_1.nii,1.26123046875,1.26123046875,3.0,0.9051518865198944,17.91026660548233,0.911405931384137,15.332674775986709,0.9627431610798722,4.661074807641126,0.9601681416763272,6.30615234375
0,LIVER,/kaggle/input/datasets/nhatphatnguyen/adafob-env/sabs_CT_normalized/image_3.nii,1.0390625,1.0390625,3.0,0.7946579598861225,16.13058777033268,0.8144017691389206,11.847135276420731,0.9335981142229508,6.91862931805318,0.9328874691173462,7.2734375
0,LIVER,/kaggle/input/datasets/nhatphatnguyen/adafob-env/sabs_CT_normalized/image_4.nii,1.5859375,1.5859375,3.0,0.8230798999084187,17.4453125,0.832134583195016,15.483249596464118,0.9357796361992552,11.1015625,0.9287196821443396,11.1015625
0,LIVER,/kaggle/input/datasets/nhatphatnguyen/adafob-env/sabs_CT_normalized/image_5.nii,1.22705078125,1.22705078125,3.0,0.8035169622721473,16.733727963544833,0.7737938398018546,21.52204840135905,0.7783267390576589,16.957179000551758,0.8125797502863389,16.68969501389266
0,LIVER,/kaggle/input/datasets/nhatphatnguyen/adafob-env/sabs_CT_normalized/image_6.nii,1.30908203125,1.30908203125,3.0,0.8675889135397038,23.636550081976157,0.8905674281503316,24.604692722115782,0.9356247051193236,31.11652466079749,0.932838936483184,30.51177348702292
