fold,organ,vol_id,spacing_x,spacing_y,spacing_z,fixed_np,dice_fixed_control,hd95_fixed_control
0,SPLEEN,/kaggle/input/datasets/nhatphatnguyen/adafob-env/sabs_CT_normalized/image_0.nii,1.1689453125,1.1689453125,3.0,3,0.9753095425998263,1.1689453125
0,SPLEEN,/kaggle/input/datasets/nhatphatnguyen/adafob-env/sabs_CT_normalized/image_1.nii,1.26123046875,1.26123046875,3.0,3,0.9370762914160221,3.0
0,SPLEEN,/kaggle/input/datasets/nhatphatnguyen/adafob-env/sabs_CT_normalized/image_3.nii,1.0390625,1.0390625,3.0,3,0.8550574674277067,186.1273828235127
0,SPLEEN,/kaggle/input/datasets/nhatphatnguyen/adafob-env/sabs_CT_normalized/image_4.nii,1.5859375,1.5859375,3.0,3,0.9494145424757866,26.585156927271584
0,SPLEEN,/kaggle/input/datasets/nhatphatnguyen/adafob-env/sabs_CT_normalized/image_5.nii,1.22705078125,1.22705078125,3.0,3,0.7249212706760021,38.71361206162713
0,SPLEEN,/kaggle/input/datasets/nhatphatnguyen/adafob-env/sabs_CT_normalized/image_6.nii,1.30908203125,1.30908203125,3.0,3,0.9294354461776235,29.68621134721788
0,RK,/kaggle/input/datasets/nhatphatnguyen/adafob-env/sabs_CT_normalized/image_0.nii,1.1689453125,1.1689453125,3.0,2,0.9190754499624811,8.1826171875
0,RK,/kaggle/input/datasets/nhatphatnguyen/adafob-env/sabs_CT_normalized/image_1.nii,1.26123046875,1.26123046875,3.0,2,0.9203079350862602,7.739668820415188
0,RK,/kaggle/input/datasets/nhatphatnguyen/adafob-env/sabs_CT_normalized/image_3.nii,1.0390625,1.0390625,3.0,2,0.9285982761972652,5.999272620297918
0,RK,/kaggle/input/datasets/nhatphatnguyen/adafob-env/sabs_CT_normalized/image_4.nii,1.5859375,1.5859375,3.0,2,0.798328169755071,82.56380003835416
0,RK,/kaggle/input/datasets/nhatphatnguyen/adafob-env/sabs_CT_normalized/image_5.nii,1.22705078125,1.22705078125,3.0,2,0.8093318989740049,45.98804746782921
0,RK,/kaggle/input/datasets/nhatphatnguyen/adafob-env/sabs_CT_normalized/image_6.nii,1.30908203125,1.30908203125,3.0,2,0.9167075586572888,19.811256544160337
0,LK,/kaggle/input/datasets/nhatphatnguyen/adafob-env/sabs_CT_normalized/image_0.nii,1.1689453125,1.1689453125,3.0,2,0.8326095743468032,327.8092589772887
0,LK,/kaggle/input/datasets/nhatphatnguyen/adafob-env/sabs_CT_normalized/image_1.nii,1.26123046875,1.26123046875,3.0,2,0.9572108987832392,1.26123046875
0,LK,/kaggle/input/datasets/nhatphatnguyen/adafob-env/sabs_CT_normalized/image_3.nii,1.0390625,1.0390625,3.0,2,0.9612021571810042,2.078125
0,LK,/kaggle/input/datasets/nhatphatnguyen/adafob-env/sabs_CT_normalized/image_4.nii,1.5859375,1.5859375,3.0,2,0.9356036780782939,19.871739917865302
0,LK,/kaggle/input/datasets/nhatphatnguyen/adafob-env/sabs_CT_normalized/image_5.nii,1.22705078125,1.22705078125,3.0,2,0.8479643348849407,36.95394311043651
0,LK,/kaggle/input/datasets/nhatphatnguyen/adafob-env/sabs_CT_normalized/image_6.nii,1.30908203125,1.30908203125,3.0,2,0.9212131626428387,18.84586279365868
0,LIVER,/kaggle/input/datasets/nhatphatnguyen/adafob-env/sabs_CT_normalized/image_0.nii,1.1689453125,1.1689453125,3.0,6,0.9711188424769779,3.3062766292199117
0,LIVER,/kaggle/input/datasets/nhatphatnguyen/adafob-env/sabs_CT_normalized/image_1.nii,1.26123046875,1.26123046875,3.0,6,0.9620158962812977,5.044921875
0,LIVER,/kaggle/input/datasets/nhatphatnguyen/adafob-env/sabs_CT_normalized/image_3.nii,1.0390625,1.0390625,3.0,6,0.9295765305638994,6.840797379623409
0,LIVER,/kaggle/input/datasets/nhatphatnguyen/adafob-env/sabs_CT_normalized/image_4.nii,1.5859375,1.5859375,3.0,6,0.9331332250510556,10.154954845303658
0,LIVER,/kaggle/input/datasets/nhatphatnguyen/adafob-env/sabs_CT_normalized/image_5.nii,1.22705078125,1.22705078125,3.0,6,0.8174768778991389,16.088403765613382
0,LIVER,/kaggle/input/datasets/nhatphatnguyen/adafob-env/sabs_CT_normalized/image_6.nii,1.30908203125,1.30908203125,3.0,6,0.9351458259918625,31.19881185082789
1,SPLEEN,/kaggle/input/datasets/nhatphatnguyen/adafob-env/sabs_CT_normalized/image_6.nii,1.30908203125,1.30908203125,3.0,3,0.9539234600026919,10.794966974883739
1,SPLEEN,/kaggle/input/datasets/nhatphatnguyen/adafob-env/sabs_CT_normalized/image_7.nii,1.27490234375,1.27490234375,3.0,3,0.7322116508917252,53.00581682421995
1,SPLEEN,/kaggle/input/datasets/nhatphatnguyen/adafob-env/sabs_CT_normalized/image_9.nii,1.3671875,1.3671875,3.0,3,0.46450421332102043,92.82790341982475
1,SPLEEN,/kaggle/input/datasets/nhatphatnguyen/adafob-env/sabs_CT_normalized/image_10.nii,1.1962890625,1.1962890625,3.0,3,0.609884431081462,45.841492919164914
1,SPLEEN,/kaggle/input/datasets/nhatphatnguyen/adafob-env/sabs_CT_normalized/image_11.nii,1.343261480331421,1.343261480331421,5.0,3,0.8992854878435389,370.0587607353415
1,SPLEEN,/kaggle/input/datasets/nhatphatnguyen/adafob-env/sabs_CT_normalized/image_12.nii,1.2373046875,1.2373046875,5.0,3,0.8287827076222981,80.83706117936656
1,RK,/kaggle/input/datasets/nhatphatnguyen/adafob-env/sabs_CT_normalized/image_6.nii,1.30908203125,1.30908203125,3.0,2,0.9182533902126037,21.32089869208614
1,RK,/kaggle/input/datasets/nhatphatnguyen/adafob-env/sabs_CT_normalized/image_7.nii,1.27490234375,1.27490234375,3.0,2,0.11165682872977967,150.4486986275737
1,RK,/kaggle/input/datasets/nhatphatnguyen/adafob-env/sabs_CT_normalized/image_9.nii,1.3671875,1.3671875,3.0,2,0.9207662328112362,5.262320457893314
1,RK,/kaggle/input/datasets/nhatphatnguyen/adafob-env/sabs_CT_normalized/image_10.nii,1.1962890625,1.1962890625,3.0,2,0.9307201147266705,3.38361643341219
1,RK,/kaggle/input/datasets/nhatphatnguyen/adafob-env/sabs_CT_normalized/image_11.nii,1.343261480331421,1.343261480331421,5.0,2,0.9502421055758548,1.343261480331421
1,RK,/kaggle/input/datasets/nhatphatnguyen/adafob-env/sabs_CT_normalized/image_12.nii,1.2373046875,1.2373046875,5.0,2,0.8788671023965141,91.02492840238182
1,LK,/kaggle/input/datasets/nhatphatnguyen/adafob-env/sabs_CT_normalized/image_6.nii,1.30908203125,1.30908203125,3.0,2,0.8330261017736813,39.94905353164042
1,LK,/kaggle/input/datasets/nhatphatnguyen/adafob-env/sabs_CT_normalized/image_7.nii,1.27490234375,1.27490234375,3.0,2,0.07697603104074097,161.12707607343796
1,LK,/kaggle/input/datasets/nhatphatnguyen/adafob-env/sabs_CT_normalized/image_9.nii,1.3671875,1.3671875,3.0,2,0.8604730112028969,16.789980416391572
1,LK,/kaggle/input/datasets/nhatphatnguyen/adafob-env/sabs_CT_normalized/image_10.nii,1.1962890625,1.1962890625,3.0,2,0.9152464226316916,15.597701067135244
1,LK,/kaggle/input/datasets/nhatphatnguyen/adafob-env/sabs_CT_normalized/image_11.nii,1.343261480331421,1.343261480331421,5.0,2,0.9458681337476127,1.343261480331421
1,LK,/kaggle/input/datasets/nhatphatnguyen/adafob-env/sabs_CT_normalized/image_12.nii,1.2373046875,1.2373046875,5.0,2,0.8879697896061859,76.2897488830796
1,LIVER,/kaggle/input/datasets/nhatphatnguyen/adafob-env/sabs_CT_normalized/image_6.nii,1.30908203125,1.30908203125,3.0,6,0.9210539167178581,32.86426406963217
1,LIVER,/kaggle/input/datasets/nhatphatnguyen/adafob-env/sabs_CT_normalized/image_7.nii,1.27490234375,1.27490234375,3.0,6,0.9627473938661429,2.850768305298804
1,LIVER,/kaggle/input/datasets/nhatphatnguyen/adafob-env/sabs_CT_normalized/image_9.nii,1.3671875,1.3671875,3.0,6,0.9463286198750089,13.671875
1,LIVER,/kaggle/input/datasets/nhatphatnguyen/adafob-env/sabs_CT_normalized/image_10.nii,1.1962890625,1.1962890625,3.0,6,0.9564421842203864,9.110666069026648
1,LIVER,/kaggle/input/datasets/nhatphatnguyen/adafob-env/sabs_CT_normalized/image_11.nii,1.343261480331421,1.343261480331421,5.0,6,0.9574534604539067,2.686522960662842
1,LIVER,/kaggle/input/datasets/nhatphatnguyen/adafob-env/sabs_CT_normalized/image_12.nii,1.2373046875,1.2373046875,5.0,6,0.8796572974466117,30.9326171875
2,SPLEEN,/kaggle/input/datasets/nhatphatnguyen/adafob-env/sabs_CT_normalized/image_12.nii,1.2373046875,1.2373046875,5.0,3,0.9369408923769277,12.373046875
2,SPLEEN,/kaggle/input/datasets/nhatphatnguyen/adafob-env/sabs_CT_normalized/image_13.nii,1.19970703125,1.19970703125,3.0,3,0.9668618828286196,1.6966419544681126
2,SPLEEN,/kaggle/input/datasets/nhatphatnguyen/adafob-env/sabs_CT_normalized/image_15.nii,1.363769769668579,1.363769769668579,5.0,3,0.9626590069757899,1.363769769668579
2,SPLEEN,/kaggle/input/datasets/nhatphatnguyen/adafob-env/sabs_CT_normalized/image_16.nii,1.3569341897964478,1.3569341897964478,5.0,3,0.8542550345829034,26.34689619443494
2,SPLEEN,/kaggle/input/datasets/nhatphatnguyen/adafob-env/sabs_CT_normalized/image_17.nii,1.39453125,1.39453125,5.0,3,0.9126847174724688,54.404594418108
2,SPLEEN,/kaggle/input/datasets/nhatphatnguyen/adafob-env/sabs_CT_normalized/image_18.nii,1.53125,1.53125,3.0,3,0.9639637822904273,1.53125
2,RK,/kaggle/input/datasets/nhatphatnguyen/adafob-env/sabs_CT_normalized/image_12.nii,1.2373046875,1.2373046875,5.0,2,0.8730958963517103,96.2914889244999
2,RK,/kaggle/input/datasets/nhatphatnguyen/adafob-env/sabs_CT_normalized/image_13.nii,1.19970703125,1.19970703125,3.0,2,0.9542034760269484,1.6966419544681126
2,RK,/kaggle/input/datasets/nhatphatnguyen/adafob-env/sabs_CT_normalized/image_15.nii,1.363769769668579,1.363769769668579,5.0,2,0.8260182059062353,89.03853601760181
2,RK,/kaggle/input/datasets/nhatphatnguyen/adafob-env/sabs_CT_normalized/image_16.nii,1.3569341897964478,1.3569341897964478,5.0,2,0.7540217955371044,119.97495571115628
2,RK,/kaggle/input/datasets/nhatphatnguyen/adafob-env/sabs_CT_normalized/image_17.nii,1.39453125,1.39453125,5.0,2,0.9224512178403327,3.1182666717477536
2,RK,/kaggle/input/datasets/nhatphatnguyen/adafob-env/sabs_CT_normalized/image_18.nii,1.53125,1.53125,3.0,2,0.8651599357786834,60.185147445504505
2,LK,/kaggle/input/datasets/nhatphatnguyen/adafob-env/sabs_CT_normalized/image_12.nii,1.2373046875,1.2373046875,5.0,2,0.868534606754502,71.01631456988535
2,LK,/kaggle/input/datasets/nhatphatnguyen/adafob-env/sabs_CT_normalized/image_13.nii,1.19970703125,1.19970703125,3.0,2,0.8614769690111002,67.9799631295621
2,LK,/kaggle/input/datasets/nhatphatnguyen/adafob-env/sabs_CT_normalized/image_15.nii,1.363769769668579,1.363769769668579,5.0,2,0.9154716469817755,23.533121090444016
2,LK,/kaggle/input/datasets/nhatphatnguyen/adafob-env/sabs_CT_normalized/image_16.nii,1.3569341897964478,1.3569341897964478,5.0,2,0.9187942588924763,3.837989468915768
2,LK,/kaggle/input/datasets/nhatphatnguyen/adafob-env/sabs_CT_normalized/image_17.nii,1.39453125,1.39453125,5.0,2,0.9233056213180642,2.7890625
2,LK,/kaggle/input/datasets/nhatphatnguyen/adafob-env/sabs_CT_normalized/image_18.nii,1.53125,1.53125,3.0,2,0.9207093821510297,29.634558057274955
2,LIVER,/kaggle/input/datasets/nhatphatnguyen/adafob-env/sabs_CT_normalized/image_12.nii,1.2373046875,1.2373046875,5.0,6,0.8716336429595108,35.12465216847941
2,LIVER,/kaggle/input/datasets/nhatphatnguyen/adafob-env/sabs_CT_normalized/image_13.nii,1.19970703125,1.19970703125,3.0,6,0.9647315764294777,4.529279819866013
2,LIVER,/kaggle/input/datasets/nhatphatnguyen/adafob-env/sabs_CT_normalized/image_15.nii,1.363769769668579,1.363769769668579,5.0,6,0.956095786075231,4.091309309005737
2,LIVER,/kaggle/input/datasets/nhatphatnguyen/adafob-env/sabs_CT_normalized/image_16.nii,1.3569341897964478,1.3569341897964478,5.0,6,0.9699840125716842,2.7138683795928955
2,LIVER,/kaggle/input/datasets/nhatphatnguyen/adafob-env/sabs_CT_normalized/image_17.nii,1.39453125,1.39453125,5.0,6,0.9268933652079482,11.15625
2,LIVER,/kaggle/input/datasets/nhatphatnguyen/adafob-env/sabs_CT_normalized/image_18.nii,1.53125,1.53125,3.0,6,0.9702567780271774,4.331029034767604
3,SPLEEN,/kaggle/input/datasets/nhatphatnguyen/adafob-env/sabs_CT_normalized/image_18.nii,1.53125,1.53125,3.0,3,0.9553741551174312,15.388872044841364
3,SPLEEN,/kaggle/input/datasets/nhatphatnguyen/adafob-env/sabs_CT_normalized/image_19.nii,1.298828125,1.298828125,3.0,3,0.9616158279407514,18.702000124446187
3,SPLEEN,/kaggle/input/datasets/nhatphatnguyen/adafob-env/sabs_CT_normalized/image_21.nii,1.29541015625,1.29541015625,3.0,3,0.693294129634212,65.06015502233637
3,SPLEEN,/kaggle/input/datasets/nhatphatnguyen/adafob-env/sabs_CT_normalized/image_22.nii,1.425292730331421,1.425292730331421,5.0,3,0.8856165713346974,85.52525765568366
3,SPLEEN,/kaggle/input/datasets/nhatphatnguyen/adafob-env/sabs_CT_normalized/image_23.nii,1.17578125,1.17578125,5.0,3,0.9719674643404456,1.17578125
3,SPLEEN,/kaggle/input/datasets/nhatphatnguyen/adafob-env/sabs_CT_normalized/image_24.nii,1.609863519668579,1.609863519668579,5.0,3,0.9643926788685524,1.609863519668579
3,RK,/kaggle/input/datasets/nhatphatnguyen/adafob-env/sabs_CT_normalized/image_18.nii,1.53125,1.53125,3.0,2,0.8588211464452097,58.41558078050981
3,RK,/kaggle/input/datasets/nhatphatnguyen/adafob-env/sabs_CT_normalized/image_19.nii,1.298828125,1.298828125,3.0,2,0.9432252619035798,6.994403509266495
3,RK,/kaggle/input/datasets/nhatphatnguyen/adafob-env/sabs_CT_normalized/image_21.nii,1.29541015625,1.29541015625,3.0,2,0.9442113657640165,1.8319866118046002
3,RK,/kaggle/input/datasets/nhatphatnguyen/adafob-env/sabs_CT_normalized/image_22.nii,1.425292730331421,1.425292730331421,5.0,2,0.9125079634741984,2.850585460662842
3,RK,/kaggle/input/datasets/nhatphatnguyen/adafob-env/sabs_CT_normalized/image_23.nii,1.17578125,1.17578125,5.0,2,0.9155581365805855,2.6291268016696745
3,RK,/kaggle/input/datasets/nhatphatnguyen/adafob-env/sabs_CT_normalized/image_24.nii,1.609863519668579,1.609863519668579,5.0,2,0.7988643156007172,91.33198807311665
3,LK,/kaggle/input/datasets/nhatphatnguyen/adafob-env/sabs_CT_normalized/image_18.nii,1.53125,1.53125,3.0,2,0.8777820946883499,264.2352559894544
3,LK,/kaggle/input/datasets/nhatphatnguyen/adafob-env/sabs_CT_normalized/image_19.nii,1.298828125,1.298828125,3.0,2,0.9488873285855531,2.904267978588594
3,LK,/kaggle/input/datasets/nhatphatnguyen/adafob-env/sabs_CT_normalized/image_21.nii,1.29541015625,1.29541015625,3.0,2,0.8962812658524213,34.75949612918441
3,LK,/kaggle/input/datasets/nhatphatnguyen/adafob-env/sabs_CT_normalized/image_22.nii,1.425292730331421,1.425292730331421,5.0,2,0.7859243350404758,9.977049112319946
3,LK,/kaggle/input/datasets/nhatphatnguyen/adafob-env/sabs_CT_normalized/image_23.nii,1.17578125,1.17578125,5.0,2,0.9370705244122965,3.3256115802679815
3,LK,/kaggle/input/datasets/nhatphatnguyen/adafob-env/sabs_CT_normalized/image_24.nii,1.609863519668579,1.609863519668579,5.0,2,0.9032233741753063,37.605733875209225
3,LIVER,/kaggle/input/datasets/nhatphatnguyen/adafob-env/sabs_CT_normalized/image_18.nii,1.53125,1.53125,3.0,6,0.9754283760811843,3.0625
3,LIVER,/kaggle/input/datasets/nhatphatnguyen/adafob-env/sabs_CT_normalized/image_19.nii,1.298828125,1.298828125,3.0,6,0.9425866007004888,33.11374977089064
3,LIVER,/kaggle/input/datasets/nhatphatnguyen/adafob-env/sabs_CT_normalized/image_21.nii,1.29541015625,1.29541015625,3.0,6,0.9408678610918833,20.343916868774023
3,LIVER,/kaggle/input/datasets/nhatphatnguyen/adafob-env/sabs_CT_normalized/image_22.nii,1.425292730331421,1.425292730331421,5.0,6,0.9363394603661633,4.275878190994263
3,LIVER,/kaggle/input/datasets/nhatphatnguyen/adafob-env/sabs_CT_normalized/image_23.nii,1.17578125,1.17578125,5.0,6,0.9525346477689346,8.23046875
3,LIVER,/kaggle/input/datasets/nhatphatnguyen/adafob-env/sabs_CT_normalized/image_24.nii,1.609863519668579,1.609863519668579,5.0,6,0.9632408102025506,6.439454078674316
4,SPLEEN,/kaggle/input/datasets/nhatphatnguyen/adafob-env/sabs_CT_normalized/image_0.nii,1.1689453125,1.1689453125,3.0,3,0.9310061086162171,5.8447265625
4,SPLEEN,/kaggle/input/datasets/nhatphatnguyen/adafob-env/sabs_CT_normalized/image_24.nii,1.609863519668579,1.609863519668579,5.0,3,0.9556485000318464,1.609863519668579
4,SPLEEN,/kaggle/input/datasets/nhatphatnguyen/adafob-env/sabs_CT_normalized/image_26.nii,1.23046875,1.23046875,5.0,3,0.9258845437616388,26.177154862656423
4,SPLEEN,/kaggle/input/datasets/nhatphatnguyen/adafob-env/sabs_CT_normalized/image_27.nii,1.7089835405349731,1.7089835405349731,5.0,3,0.8851391835214484,341.70560301313407
4,SPLEEN,/kaggle/input/datasets/nhatphatnguyen/adafob-env/sabs_CT_normalized/image_28.nii,1.7080000638961792,1.7080000638961792,5.0,3,0.9688453786351857,1.7080000638961792
4,SPLEEN,/kaggle/input/datasets/nhatphatnguyen/adafob-env/sabs_CT_normalized/image_29.nii,1.298828125,1.298828125,3.0,3,0.9014387963774467,18.04389697848461
4,RK,/kaggle/input/datasets/nhatphatnguyen/adafob-env/sabs_CT_normalized/image_0.nii,1.1689453125,1.1689453125,3.0,2,0.8966150533548652,88.50778597548344
4,RK,/kaggle/input/datasets/nhatphatnguyen/adafob-env/sabs_CT_normalized/image_24.nii,1.609863519668579,1.609863519668579,5.0,2,0.5221615786001319,28.462519059931417
4,RK,/kaggle/input/datasets/nhatphatnguyen/adafob-env/sabs_CT_normalized/image_26.nii,1.23046875,1.23046875,5.0,2,0.9300020005779447,2.751411769189194
4,RK,/kaggle/input/datasets/nhatphatnguyen/adafob-env/sabs_CT_normalized/image_27.nii,1.7089835405349731,1.7089835405349731,5.0,2,0.8593856381913573,3.821403369064467
4,RK,/kaggle/input/datasets/nhatphatnguyen/adafob-env/sabs_CT_normalized/image_28.nii,1.7080000638961792,1.7080000638961792,5.0,2,0.7975722543352601,4.830953709792179
4,RK,/kaggle/input/datasets/nhatphatnguyen/adafob-env/sabs_CT_normalized/image_29.nii,1.298828125,1.298828125,3.0,2,0.8161766655178813,147.1130908120561
4,LK,/kaggle/input/datasets/nhatphatnguyen/adafob-env/sabs_CT_normalized/image_0.nii,1.1689453125,1.1689453125,3.0,2,0.9487822349570201,11.525000398642453
4,LK,/kaggle/input/datasets/nhatphatnguyen/adafob-env/sabs_CT_normalized/image_24.nii,1.609863519668579,1.609863519668579,5.0,2,0.8925583443416997,81.1738333472866
4,LK,/kaggle/input/datasets/nhatphatnguyen/adafob-env/sabs_CT_normalized/image_26.nii,1.23046875,1.23046875,5.0,2,0.9397903145282077,2.751411769189194
4,LK,/kaggle/input/datasets/nhatphatnguyen/adafob-env/sabs_CT_normalized/image_27.nii,1.7089835405349731,1.7089835405349731,5.0,2,0.9400116482236459,2.4168677008969492
4,LK,/kaggle/input/datasets/nhatphatnguyen/adafob-env/sabs_CT_normalized/image_28.nii,1.7080000638961792,1.7080000638961792,5.0,2,0.853709267390802,60.56309900949983
4,LK,/kaggle/input/datasets/nhatphatnguyen/adafob-env/sabs_CT_normalized/image_29.nii,1.298828125,1.298828125,3.0,2,0.9127699757181602,38.374083625941914
4,LIVER,/kaggle/input/datasets/nhatphatnguyen/adafob-env/sabs_CT_normalized/image_0.nii,1.1689453125,1.1689453125,3.0,6,0.9659751276728977,3.2196945730326227
4,LIVER,/kaggle/input/datasets/nhatphatnguyen/adafob-env/sabs_CT_normalized/image_24.nii,1.609863519668579,1.609863519668579,5.0,6,0.9496563195126351,6.439454078674316
4,LIVER,/kaggle/input/datasets/nhatphatnguyen/adafob-env/sabs_CT_normalized/image_26.nii,1.23046875,1.23046875,5.0,6,0.95615239380678,4.43651817098108
4,LIVER,/kaggle/input/datasets/nhatphatnguyen/adafob-env/sabs_CT_normalized/image_27.nii,1.7089835405349731,1.7089835405349731,5.0,6,0.9430469667997115,12.323655568645673
4,LIVER,/kaggle/input/datasets/nhatphatnguyen/adafob-env/sabs_CT_normalized/image_28.nii,1.7080000638961792,1.7080000638961792,5.0,6,0.9501591369404373,11.47930129035021
4,LIVER,/kaggle/input/datasets/nhatphatnguyen/adafob-env/sabs_CT_normalized/image_29.nii,1.298828125,1.298828125,3.0,6,0.9656895055056728,2.904267978588594
