fold,organ,vol_id,mean_adaptive_budget,spacing_x,spacing_y,spacing_z,uni_dice_0,uni_hd95_0,ada_dice_0,ada_hd95_0,uni_dice_1,uni_hd95_1,ada_dice_1,ada_hd95_1,uni_dice_2,uni_hd95_2,ada_dice_2,ada_hd95_2,uni_dice_3,uni_hd95_3,ada_dice_3,ada_hd95_3,uni_dice_4,uni_hd95_4,ada_dice_4,ada_hd95_4,uni_dice_6,uni_hd95_6,ada_dice_6,ada_hd95_6,uni_dice_8,uni_hd95_8,ada_dice_8,ada_hd95_8,uni_dice_10,uni_hd95_10,ada_dice_10,ada_hd95_10,uni_dice_12,uni_hd95_12,ada_dice_12,ada_hd95_12,uni_dice_16,uni_hd95_16,ada_dice_16,ada_hd95_16,uni_dice_20,uni_hd95_20,ada_dice_20,ada_hd95_20,uni_dice_24,uni_hd95_24,ada_dice_24,ada_hd95_24,dice_fob_base,hd95_fob_base,dice_adabudget_uni,hd95_adabudget_uni,dice_fixed_10_ada,hd95_fixed_10_ada,dice_adafob,hd95_adafob,oracle_dice
0,LK,/kaggle/working/sabs_CT_normalized/image_0.nii.gz,0.02702702702702703,1.1689453125,1.1689453125,3.0,0.9036120056987561,8.1826171875,0.9036120056987561,8.1826171875,0.9244533732012707,9.639369988016288,0.9045758527289725,7.841523542189204,0.9301943544655252,11.089588943031885,0.9045758527289725,7.841523542189204,0.9344410703030998,15.342977065373482,0.9045758527289725,7.841523542189204,0.9353909230681624,18.90883430914569,0.9045758527289725,7.841523542189204,0.9386866998007375,16.098472865163114,0.9045758527289725,7.841523542189204,0.938374516225067,15.612482809724652,0.9045758527289725,7.841523542189204,0.9346201672427759,20.19211719255399,0.9045758527289725,7.841523542189204,0.9346201672427759,20.19211719255399,0.9045758527289725,7.841523542189204,0.9346201672427759,20.19211719255399,0.9045758527289725,7.841523542189204,0.9346201672427759,20.19211719255399,0.9045758527289725,7.841523542189204,0.9346201672427759,20.19211719255399,0.9045758527289725,7.841523542189204,0.9346201672427759,20.19211719255399,0.90349302114008,8.1826171875,0.9045758527289725,7.841523542189204,0.9045758527289725,7.841523542189204,0.9386866998007375
0,LK,/kaggle/working/sabs_CT_normalized/image_1.nii.gz,0.030303030303030304,1.26123046875,1.26123046875,3.0,0.9253955422104169,5.044921875,0.9253955422104169,5.044921875,0.9300895602192221,5.044921875,0.924968255800531,5.044921875,0.9310739201707903,5.044921875,0.924968255800531,5.044921875,0.9309463883579661,5.200186440903524,0.924968255800531,5.044921875,0.9297891980483394,5.350947702553278,0.924968255800531,5.044921875,0.9326636975267696,5.044921875,0.924968255800531,5.044921875,0.9313140814598815,5.350947702553278,0.924968255800531,5.044921875,0.9304349457021213,5.350947702553278,0.924968255800531,5.044921875,0.9304349457021213,5.350947702553278,0.924968255800531,5.044921875,0.9304349457021213,5.350947702553278,0.924968255800531,5.044921875,0.9304349457021213,5.350947702553278,0.924968255800531,5.044921875,0.9304349457021213,5.350947702553278,0.924968255800531,5.044921875,0.9304349457021213,5.350947702553278,0.9256627967423323,5.044921875,0.924968255800531,5.044921875,0.924968255800531,5.044921875,0.9326636975267696
0,LK,/kaggle/working/sabs_CT_normalized/image_3.nii.gz,0.029411764705882353,1.0390625,1.0390625,3.0,0.9166765188834154,86.44014016911767,0.9166765188834154,86.44014016911767,0.9251746793200543,89.05345143178934,0.9168188086950811,86.42046219974391,0.9268983436180578,88.56108338724553,0.9168188086950811,86.42046219974391,0.944687898089172,94.36080728127178,0.9168188086950811,86.42046219974391,0.9464346899151026,94.47715555817332,0.9168188086950811,86.42046219974391,0.9473684210526315,94.29413605436068,0.9168188086950811,86.42046219974391,0.9481766807734219,94.55140603813918,0.9168188086950811,86.42046219974391,0.9489966555183946,91.54576462056708,0.9168188086950811,86.42046219974391,0.9489966555183946,91.54576462056708,0.9168188086950811,86.42046219974391,0.9489966555183946,91.54576462056708,0.9168188086950811,86.42046219974391,0.9489966555183946,91.54576462056708,0.9168188086950811,86.42046219974391,0.9489966555183946,91.54576462056708,0.9168188086950811,86.42046219974391,0.9489966555183946,91.54576462056708,0.9167575236118591,86.43358084599316,0.9168188086950811,86.42046219974391,0.9168188086950811,86.42046219974391,0.9489966555183946
0,LK,/kaggle/working/sabs_CT_normalized/image_4.nii.gz,0.0,1.5859375,1.5859375,3.0,0.8942372576364209,11.471234097401346,0.8942372576364209,11.471234097401346,0.9011611525514214,11.929186097845538,0.8942372576364209,11.471234097401346,0.902673986711455,11.929186097845538,0.8942372576364209,11.471234097401346,0.9114191419141914,12.445138397244223,0.8942372576364209,11.471234097401346,0.9132061135626406,12.6875,0.8942372576364209,11.471234097401346,0.9125484177446467,13.100170649055642,0.8942372576364209,11.471234097401346,0.9122960755962553,13.642750228200416,0.8942372576364209,11.471234097401346,0.910493917203956,16.140625,0.8942372576364209,11.471234097401346,0.910493917203956,16.140625,0.8942372576364209,11.471234097401346,0.910493917203956,16.140625,0.8942372576364209,11.471234097401346,0.910493917203956,16.140625,0.8942372576364209,11.471234097401346,0.910493917203956,16.140625,0.8942372576364209,11.471234097401346,0.910493917203956,16.140625,0.8942372576364209,11.471234097401346,0.8942372576364209,11.471234097401346,0.8942372576364209,11.471234097401346,0.9132061135626406
0,LK,/kaggle/working/sabs_CT_normalized/image_5.nii.gz,0.0,1.22705078125,1.22705078125,3.0,0.8835755865861934,4.748776956006264,0.8835755865861934,4.748776956006264,0.9171327591531414,4.424194509395022,0.8835755865861934,4.748776956006264,0.9289029144236124,3.880275273439032,0.8835755865861934,4.748776956006264,0.9414022433246203,3.68115234375,0.8835755865861934,4.748776956006264,0.9415702179575955,3.880275273439032,0.8835755865861934,4.748776956006264,0.9395601680256981,4.748776956006264,0.8835755865861934,4.748776956006264,0.9386970030741916,5.05925997909042,0.8835755865861934,4.748776956006264,0.9376087741766,5.205935569692755,0.8835755865861934,4.748776956006264,0.9376087741766,5.205935569692755,0.8835755865861934,4.748776956006264,0.9376087741766,5.205935569692755,0.8835755865861934,4.748776956006264,0.9376087741766,5.205935569692755,0.8835755865861934,4.748776956006264,0.9376087741766,5.205935569692755,0.8835755865861934,4.748776956006264,0.9376087741766,5.205935569692755,0.8835755865861934,4.748776956006264,0.8835755865861934,4.748776956006264,0.8835755865861934,4.748776956006264,0.9415702179575955
0,LK,/kaggle/working/sabs_CT_normalized/image_6.nii.gz,0.7142857142857143,1.30908203125,1.30908203125,3.0,0.8006845145047965,20.322418144859924,0.8006845145047965,20.322418144859924,0.8158319096961666,21.669163331434962,0.7996566296883254,21.589933949767477,0.8150093333755181,21.589933949767477,0.8012240509469853,21.640130378221095,0.8365318924290417,21.787467195110825,0.8012240509469853,21.640130378221095,0.8399548078560042,21.8018191948814,0.8012240509469853,21.640130378221095,0.8460728831398631,22.86213481250594,0.8012240509469853,21.640130378221095,0.8475046492484986,22.86213481250594,0.8012240509469853,21.640130378221095,0.8471951219512195,22.899583051875368,0.8012240509469853,21.640130378221095,0.8471951219512195,22.899583051875368,0.8012240509469853,21.640130378221095,0.8471951219512195,22.899583051875368,0.8012240509469853,21.640130378221095,0.8471951219512195,22.899583051875368,0.8012240509469853,21.640130378221095,0.8471951219512195,22.899583051875368,0.8012240509469853,21.640130378221095,0.8471951219512195,22.899583051875368,0.8115333450867885,21.589933949767477,0.8012240509469853,21.640130378221095,0.8012240509469853,21.640130378221095,0.8475046492484986
0,LIVER,/kaggle/working/sabs_CT_normalized/image_0.nii.gz,2.76,1.1689453125,1.1689453125,3.0,0.86688260388687,10.877253857902637,0.86688260388687,10.877253857902637,0.8668699561969923,11.42858476723165,0.8759324634255164,10.455364722918938,0.8660904392151275,11.488210605895725,0.8738148405754659,10.783315910790376,0.860463112575671,11.512776160888611,0.8779919001363858,10.777143276737878,0.8560815305606556,11.74775499851729,0.8807245018466449,10.585250010107899,0.8515119157598372,12.608686804160655,0.8812647340742468,10.585250010107899,0.8549548856421998,12.58992631667969,0.8812647340742468,10.585250010107899,0.8580102607499868,12.644076787296079,0.8812647340742468,10.585250010107899,0.8580102607499868,12.644076787296079,0.8812647340742468,10.585250010107899,0.8580102607499868,12.644076787296079,0.8812647340742468,10.585250010107899,0.8580102607499868,12.644076787296079,0.8812647340742468,10.585250010107899,0.8580102607499868,12.644076787296079,0.8812647340742468,10.585250010107899,0.8580102607499868,12.644076787296079,0.8555622699701586,11.57196820226969,0.8812647340742468,10.585250010107899,0.8807245018466449,10.585250010107899,0.86688260388687
0,LIVER,/kaggle/working/sabs_CT_normalized/image_1.nii.gz,2.1296296296296298,1.26123046875,1.26123046875,3.0,0.8900482781463601,10.08984375,0.8900482781463601,10.08984375,0.9020537748626802,10.08984375,0.8986396645187685,11.235377347887619,0.9072640582546649,10.08984375,0.9022978128778006,11.35107421875,0.9068584032372914,10.701895405106557,0.90407026899851,11.275210266943894,0.9051713016538075,11.185761822832818,0.9053657848711385,11.280788253675697,0.9009634356442314,12.421679542011395,0.9053821943590858,11.3252255221516,0.9039852270275122,14.464397467832427,0.9053821943590858,11.3252255221516,0.905188497533783,17.91026660548233,0.9053821943590858,11.3252255221516,0.905188497533783,17.91026660548233,0.9053821943590858,11.3252255221516,0.905188497533783,17.91026660548233,0.9053821943590858,11.3252255221516,0.905188497533783,17.91026660548233,0.9053821943590858,11.3252255221516,0.905188497533783,17.91026660548233,0.9053821943590858,11.3252255221516,0.905188497533783,17.91026660548233,0.9068984475627454,10.701895405106557,0.9053821943590858,11.3252255221516,0.9053657848711385,11.280788253675697,0.9072640582546649
0,LIVER,/kaggle/working/sabs_CT_normalized/image_3.nii.gz,1.9821428571428572,1.0390625,1.0390625,3.0,0.7767126991316683,13.862822816631269,0.7767126991316683,13.862822816631269,0.7983902779988512,12.866599295905901,0.7897863689735546,12.13240753107148,0.8036142838478095,12.866599295905901,0.796288425629163,12.11744690647539,0.7972540362723456,13.94048629722525,0.8006891215261994,12.221072549404676,0.7894927599365732,14.780130936761436,0.8078453255624102,12.295418135586372,0.7906160251980316,16.473126345705072,0.8088921290318144,12.46875,0.7944745974302625,16.13058777033268,0.8088921290318144,12.46875,0.794666990510227,16.13058777033268,0.8088921290318144,12.46875,0.794666990510227,16.13058777033268,0.8088921290318144,12.46875,0.794666990510227,16.13058777033268,0.8088921290318144,12.46875,0.794666990510227,16.13058777033268,0.8088921290318144,12.46875,0.794666990510227,16.13058777033268,0.8088921290318144,12.46875,0.794666990510227,16.13058777033268,0.7886835384904426,13.836943251135933,0.8088921290318144,12.46875,0.8078453255624102,12.295418135586372,0.8036142838478095
0,LIVER,/kaggle/working/sabs_CT_normalized/image_4.nii.gz,2.7,1.5859375,1.5859375,3.0,0.7881374351191156,16.956408092241265,0.7881374351191156,16.956408092241265,0.8114392897516579,16.449333311908116,0.7781512511357492,17.4453125,0.8173972840695619,15.859375,0.7832065871033398,17.4453125,0.8210440200344387,15.859375,0.7926651615380235,17.1406109640648,0.8172071897812834,16.140625,0.8102805771043283,16.557673603975324,0.8156512333173283,17.4453125,0.8146838193232653,16.173452519677113,0.8172687599033346,17.4453125,0.8146983825066004,16.173452519677113,0.82306591888442,17.4453125,0.8146983825066004,16.173452519677113,0.82306591888442,17.4453125,0.8146983825066004,16.173452519677113,0.82306591888442,17.4453125,0.8146983825066004,16.173452519677113,0.82306591888442,17.4453125,0.8146983825066004,16.173452519677113,0.82306591888442,17.4453125,0.8146983825066004,16.173452519677113,0.82306591888442,17.4453125,0.8184175791156786,15.938474617871412,0.8146983825066004,16.173452519677113,0.813142634022184,16.343947925426786,0.82306591888442
0,LIVER,/kaggle/working/sabs_CT_normalized/image_5.nii.gz,1.7735849056603774,1.22705078125,1.22705078125,3.0,0.7771806342624237,47.12820197145822,0.7771806342624237,47.12820197145822,0.7744692507875633,40.42150201909261,0.7789998586984762,28.60467664889601,0.7697556574762493,57.1364399486635,0.7766752156466888,27.975285213891485,0.768466211346398,30.822613652218028,0.7760274599542334,25.026345800059513,0.7721648733110417,29.64787375978427,0.7763986089930747,25.236665727172223,0.7723707644663256,25.2962998954521,0.7768500263857064,25.027023511052086,0.7951176056057121,16.957179000551758,0.7768500263857064,25.027023511052086,0.8034784900191053,16.82043975767764,0.7768500263857064,25.027023511052086,0.8034784900191053,16.82043975767764,0.7768500263857064,25.027023511052086,0.8034784900191053,16.82043975767764,0.7768500263857064,25.027023511052086,0.8034784900191053,16.82043975767764,0.7768500263857064,25.027023511052086,0.8034784900191053,16.82043975767764,0.7768500263857064,25.027023511052086,0.8034784900191053,16.82043975767764,0.7704913912278497,30.67626953125,0.7768500263857064,25.027023511052086,0.7763986089930747,25.236665727172223,0.8034784900191053
0,LIVER,/kaggle/working/sabs_CT_normalized/image_6.nii.gz,2.8153846153846156,1.30908203125,1.30908203125,3.0,0.8836558291415664,22.45569139333122,0.8836558291415664,22.45569139333122,0.8848910205884162,19.63623046875,0.8839886647867026,23.828837289638795,0.8857798062759452,19.328364562737182,0.8838830644826756,25.282573448405653,0.8810282903104706,19.460903472441853,0.884971410195719,25.146644649254103,0.8758175067027136,20.698404313748597,0.8856517547960564,25.01235463041485,0.8710089148132252,22.769730554157096,0.8856517547960564,25.01235463041485,0.8687587780038452,24.073720831874397,0.8856517547960564,25.01235463041485,0.867617442654002,23.60895263778807,0.8856517547960564,25.01235463041485,0.867617442654002,23.60895263778807,0.8856517547960564,25.01235463041485,0.867617442654002,23.60895263778807,0.8856517547960564,25.01235463041485,0.867617442654002,23.60895263778807,0.8856517547960564,25.01235463041485,0.867617442654002,23.60895263778807,0.8856517547960564,25.01235463041485,0.867617442654002,23.60895263778807,0.8810062245309211,20.53245107194623,0.8856517547960564,25.01235463041485,0.8856517547960564,25.01235463041485,0.8857798062759452
1,LK,/kaggle/working/sabs_CT_normalized/image_6.nii.gz,1.6428571428571428,1.30908203125,1.30908203125,3.0,0.7847087569953496,30.54259501788372,0.7847087569953496,30.54259501788372,0.7832634966903504,31.040756125611466,0.7862478065748404,31.040756125611466,0.7866526379077108,31.144248131479852,0.7884923411865329,31.07337731203043,0.8012767679189582,31.39023977650931,0.7885607709045694,31.077332802082953,0.8074710922053802,30.174133058244614,0.7881687690300131,31.043150745135325,0.8096210912452841,29.830179734195298,0.7881687690300131,31.043150745135325,0.7956857600932808,32.97064305154197,0.7881687690300131,31.043150745135325,0.7977280359776308,33.5885695078131,0.7881687690300131,31.043150745135325,0.7977280359776308,33.5885695078131,0.7881687690300131,31.043150745135325,0.7977280359776308,33.5885695078131,0.7881687690300131,31.043150745135325,0.7977280359776308,33.5885695078131,0.7881687690300131,31.043150745135325,0.7977280359776308,33.5885695078131,0.7881687690300131,31.043150745135325,0.7977280359776308,33.5885695078131,0.7894634380100933,31.226477387374086,0.7881687690300131,31.043150745135325,0.7881687690300131,31.043150745135325,0.8096210912452841
1,LK,/kaggle/working/sabs_CT_normalized/image_7.nii.gz,1.1428571428571428,1.27490234375,1.27490234375,3.0,0.08381636911662416,150.6009941001732,0.08381636911662416,150.6009941001732,0.08630232683110323,154.3129917757833,0.08078444481586718,153.51793138945507,0.0829374096261103,154.56110758112135,0.08024793845813272,154.08742149969981,0.08211203594954808,154.0286028843479,0.08024793845813272,154.08742149969981,0.07786924939467313,155.97090308251583,0.08024793845813272,154.08742149969981,0.07776592650053331,158.01200986578135,0.08024793845813272,154.08742149969981,0.07300532520140185,154.52548331279303,0.08024793845813272,154.08742149969981,0.07626759568758533,153.93465729070306,0.08024793845813272,154.08742149969981,0.07626759568758533,153.93465729070306,0.08024793845813272,154.08742149969981,0.07626759568758533,153.93465729070306,0.08024793845813272,154.08742149969981,0.07626759568758533,153.93465729070306,0.08024793845813272,154.08742149969981,0.07626759568758533,153.93465729070306,0.08024793845813272,154.08742149969981,0.07626759568758533,153.93465729070306,0.07842504437631112,155.23215324034743,0.08024793845813272,154.08742149969981,0.08024793845813272,154.08742149969981,0.08630232683110323
1,LK,/kaggle/working/sabs_CT_normalized/image_9.nii.gz,1.0512820512820513,1.3671875,1.3671875,3.0,0.8004780757451259,14.93051124428179,0.8004780757451259,14.93051124428179,0.8013995925236956,15.900546927012448,0.8011746467115854,17.139690309229806,0.8037893007977476,15.483635908824233,0.8014365881032548,17.102499639109784,0.8305652576805189,14.992977278572166,0.8014725689144294,17.100477450901813,0.8423768262247273,16.73422363668707,0.8014725689144294,17.100477450901813,0.8459164492326684,18.508081269154427,0.8014725689144294,17.100477450901813,0.842444892566581,18.508081269154427,0.8014725689144294,17.100477450901813,0.8446052741036519,19.700482687262184,0.8014725689144294,17.100477450901813,0.8446052741036519,19.700482687262184,0.8014725689144294,17.100477450901813,0.8446052741036519,19.700482687262184,0.8014725689144294,17.100477450901813,0.8446052741036519,19.700482687262184,0.8014725689144294,17.100477450901813,0.8446052741036519,19.700482687262184,0.8014725689144294,17.100477450901813,0.8446052741036519,19.700482687262184,0.7967734773921409,15.57723362858538,0.8014725689144294,17.100477450901813,0.8014725689144294,17.100477450901813,0.8459164492326684
1,LK,/kaggle/working/sabs_CT_normalized/image_10.nii.gz,1.121212121212121,1.1962890625,1.1962890625,3.0,0.7821060024852774,11.962890625,0.7821060024852774,11.962890625,0.8020451339915374,11.962890625,0.7829122579716404,11.962890625,0.8051084489946699,11.429966723042371,0.787709196577517,11.348994532342573,0.8271594297829796,11.782080866406472,0.7887596899224806,11.02924019549198,0.8515384485978164,12.568917300558201,0.7887596899224806,11.02924019549198,0.8470443636122046,18.91499088723762,0.7887596899224806,11.02924019549198,0.8422852030546059,35.1790294432591,0.7887596899224806,11.02924019549198,0.8582541864533867,38.16696855052644,0.7887596899224806,11.02924019549198,0.8582541864533867,38.16696855052644,0.7887596899224806,11.02924019549198,0.8582541864533867,38.16696855052644,0.7887596899224806,11.02924019549198,0.8582541864533867,38.16696855052644,0.7887596899224806,11.02924019549198,0.8582541864533867,38.16696855052644,0.7887596899224806,11.02924019549198,0.8582541864533867,38.16696855052644,0.7956970096354213,11.74313772602128,0.7887596899224806,11.02924019549198,0.7887596899224806,11.02924019549198,0.8582541864533867
1,LK,/kaggle/working/sabs_CT_normalized/image_11.nii.gz,1.0,1.343261480331421,1.343261480331421,5.0,0.8351163691629169,4.029784440994263,0.8351163691629169,4.029784440994263,0.8481910617167179,4.029784440994263,0.8371524777257964,4.029784440994263,0.8514157885441809,4.029784440994263,0.8330485355397668,4.029784440994263,0.8744129413811098,3.0036239815780537,0.8326635878366221,4.029784440994263,0.8792528735632184,3.0036239815780537,0.8326635878366221,4.029784440994263,0.8791481910356709,3.7993172065961116,0.8326635878366221,4.029784440994263,0.8788255098380109,6.315228834593411,0.8326635878366221,4.029784440994263,0.8939426952827105,5.373045921325684,0.8326635878366221,4.029784440994263,0.8939426952827105,5.373045921325684,0.8326635878366221,4.029784440994263,0.8939426952827105,5.373045921325684,0.8326635878366221,4.029784440994263,0.8939426952827105,5.373045921325684,0.8326635878366221,4.029784440994263,0.8939426952827105,5.373045921325684,0.8326635878366221,4.029784440994263,0.8939426952827105,5.373045921325684,0.8514648036165091,4.029784440994263,0.8326635878366221,4.029784440994263,0.8326635878366221,4.029784440994263,0.8939426952827105
1,LK,/kaggle/working/sabs_CT_normalized/image_12.nii.gz,1.3157894736842106,1.2373046875,1.2373046875,5.0,0.8337498512436035,75.023707931464,0.8337498512436035,75.023707931464,0.8507033997655334,76.07018705465661,0.8264547706810079,74.76172567890075,0.8572935591631015,75.94269831976112,0.821568387570345,74.82692640310067,0.8605519575237762,76.04368298895604,0.821568387570345,74.82692640310067,0.8577559957080301,76.98037086540279,0.821568387570345,74.82692640310067,0.8588586846151615,77.86034203129903,0.821568387570345,74.82692640310067,0.8567449956483899,76.08522025028431,0.821568387570345,74.82692640310067,0.8533771702139932,86.16168266270888,0.821568387570345,74.82692640310067,0.8533771702139932,86.16168266270888,0.821568387570345,74.82692640310067,0.8533771702139932,86.16168266270888,0.821568387570345,74.82692640310067,0.8533771702139932,86.16168266270888,0.821568387570345,74.82692640310067,0.8533771702139932,86.16168266270888,0.821568387570345,74.82692640310067,0.8533771702139932,86.16168266270888,0.8512744953587741,76.33530309687397,0.821568387570345,74.82692640310067,0.821568387570345,74.82692640310067,0.8605519575237762
1,LIVER,/kaggle/working/sabs_CT_normalized/image_6.nii.gz,4.507692307692308,1.30908203125,1.30908203125,3.0,0.8754338789852588,34.2619555587683,0.8754338789852588,34.2619555587683,0.8691660228849242,34.136682906930275,0.8705352828652559,37.6300892285752,0.8663378697287559,37.56108819770262,0.8702327806543867,40.57565472314482,0.86402697092097,42.095407883909445,0.8730191451798759,40.85647041981449,0.8585700052494563,48.76038684720461,0.8727342367329688,40.84032117581899,0.8517048481619606,63.11557530456733,0.871199033963061,41.4386777507405,0.8405042920570978,79.14571994259506,0.8715691823028182,41.34145960403815,0.8401945841687706,89.18846084007653,0.8715691823028182,41.34145960403815,0.8401945841687706,89.18846084007653,0.8715691823028182,41.34145960403815,0.8401945841687706,89.18846084007653,0.8715691823028182,41.34145960403815,0.8401945841687706,89.18846084007653,0.8715691823028182,41.34145960403815,0.8401945841687706,89.18846084007653,0.8715691823028182,41.34145960403815,0.8401945841687706,89.18846084007653,0.8642222530344077,44.39438736737452,0.8715691823028182,41.34145960403815,0.8719767535589176,41.00782120352631,0.8754338789852588
1,LIVER,/kaggle/working/sabs_CT_normalized/image_7.nii.gz,3.1296296296296298,1.27490234375,1.27490234375,3.0,0.9230775107627309,6.865559234095796,0.9230775107627309,6.865559234095796,0.9283061227226318,6.37451171875,0.9220266316470486,8.016407145808792,0.9292179097610307,6.4426329805433475,0.916307134432238,9.06321793705006,0.9283915809932799,6.865559234095796,0.9152447181519284,9.50098938558307,0.9299098967671098,7.6494140625,0.919830994755878,8.216662065557568,0.9262012175498303,8.16335809762557,0.9228755949646592,8.063190401073866,0.9264843003557025,8.016407145808792,0.9228755949646592,8.063190401073866,0.9244696081268371,9.50098938558307,0.9228755949646592,8.063190401073866,0.9244696081268371,9.50098938558307,0.9228755949646592,8.063190401073866,0.9244696081268371,9.50098938558307,0.9228755949646592,8.063190401073866,0.9244696081268371,9.50098938558307,0.9228755949646592,8.063190401073866,0.9244696081268371,9.50098938558307,0.9228755949646592,8.063190401073866,0.9244696081268371,9.50098938558307,0.9292228264319418,7.754928206351881,0.9228755949646592,8.063190401073866,0.9202767260535953,8.16335809762557,0.9299098967671098
1,LIVER,/kaggle/working/sabs_CT_normalized/image_9.nii.gz,3.2933333333333334,1.3671875,1.3671875,3.0,0.923998370229526,14.93051124428179,0.923998370229526,14.93051124428179,0.9270354203665422,14.72506001950841,0.9185988411692302,16.421029429348554,0.9315062971750714,13.942631482480271,0.9168567433335544,16.6782804588033,0.9303752167087662,13.960019380834728,0.91733623675494,16.40625,0.9287643229867125,14.26173105398675,0.9182360582584779,16.24938775889918,0.9228717384978499,16.632553793784194,0.9182954726530744,16.19661780015907,0.9138570151378491,43.47859249304338,0.9182954726530744,16.19661780015907,0.9073534979047818,48.69441868278897,0.9182954726530744,16.19661780015907,0.9073534979047818,48.69441868278897,0.9182954726530744,16.19661780015907,0.9073534979047818,48.69441868278897,0.9182954726530744,16.19661780015907,0.9073534979047818,48.69441868278897,0.9182954726530744,16.19661780015907,0.9073534979047818,48.69441868278897,0.9182954726530744,16.19661780015907,0.9073534979047818,48.69441868278897,0.9320364891783491,14.273856555151143,0.9182954726530744,16.19661780015907,0.918135199016224,16.24938775889918,0.9315062971750714
1,LIVER,/kaggle/working/sabs_CT_normalized/image_10.nii.gz,3.018867924528302,1.1962890625,1.1962890625,3.0,0.9191204634031669,15.18961586361645,0.9191204634031669,15.18961586361645,0.9283799463849878,12.563247278866296,0.9209245520333947,14.31997661956285,0.9237676837181118,13.283056122883924,0.915341257266519,14.002204483038614,0.9155479977816383,13.479098223554166,0.9036336203136802,14.405227889668518,0.9098772501228972,14.212968459918109,0.9051822207399997,14.35546875,0.9052829089256625,17.9443359375,0.9078986025421427,14.263224739296653,0.9043032375914011,25.533197774552512,0.9078986025421427,14.263224739296653,0.9011340516376766,34.072110913760824,0.9078986025421427,14.263224739296653,0.9011340516376766,34.072110913760824,0.9078986025421427,14.263224739296653,0.9011340516376766,34.072110913760824,0.9078986025421427,14.263224739296653,0.9011340516376766,34.072110913760824,0.9078986025421427,14.263224739296653,0.9011340516376766,34.072110913760824,0.9078986025421427,14.263224739296653,0.9011340516376766,34.072110913760824,0.911912489570277,13.951007951534166,0.9078986025421427,14.263224739296653,0.9053813719460233,14.35546875,0.9283799463849878
1,LIVER,/kaggle/working/sabs_CT_normalized/image_11.nii.gz,2.9722222222222223,1.343261480331421,1.343261480331421,5.0,0.9004306568442355,9.948789252277313,0.9004306568442355,9.948789252277313,0.9017860444477314,9.402830362319946,0.8860177488029696,9.49829301649028,0.8869181770643801,12.089353322982788,0.8725833383310554,9.49829301649028,0.8835099349854068,13.432614803314209,0.8777621970327649,9.010871944734161,0.8823413006481625,13.432614803314209,0.8797327323815454,9.402830362319946,0.8889650757435551,13.432614803314209,0.8801879108181319,9.402830362319946,0.8892513249684962,16.876806636744732,0.8801879108181319,9.402830362319946,0.8888189674805519,18.16412363335003,0.8801879108181319,9.402830362319946,0.8888189674805519,18.16412363335003,0.8801879108181319,9.402830362319946,0.8888189674805519,18.16412363335003,0.8801879108181319,9.402830362319946,0.8888189674805519,18.16412363335003,0.8801879108181319,9.402830362319946,0.8888189674805519,18.16412363335003,0.8801879108181319,9.402830362319946,0.8888189674805519,18.16412363335003,0.8862079573108517,12.714586035859421,0.8801879108181319,9.402830362319946,0.8797683622248353,9.402830362319946,0.9017860444477314
1,LIVER,/kaggle/working/sabs_CT_normalized/image_12.nii.gz,3.324324324324324,1.2373046875,1.2373046875,5.0,0.8325425560188392,40.0,0.8325425560188392,40.0,0.8309174273520656,41.80564731546543,0.8365810664812069,39.94022597679275,0.8287801500490815,42.32233194142406,0.8386190416795226,36.119357556093,0.825935437743852,44.7144863993826,0.8372192737980128,35.73585563898145,0.8325247945719481,45.878295541206676,0.836750883434698,36.81206929290046,0.8388158042782626,47.10339532928669,0.8345212548817572,37.45725890122589,0.8364528791435125,50.44201387535568,0.8345096327020685,37.46236724312546,0.8365143714093727,55.815163092052224,0.8345096327020685,37.46236724312546,0.8365143714093727,55.815163092052224,0.8345096327020685,37.46236724312546,0.8365143714093727,55.815163092052224,0.8345096327020685,37.46236724312546,0.8365143714093727,55.815163092052224,0.8345096327020685,37.46236724312546,0.8365143714093727,55.815163092052224,0.8345096327020685,37.46236724312546,0.8365143714093727,55.815163092052224,0.8321559407414596,45.97650695087641,0.8345096327020685,37.46236724312546,0.8367533787105726,36.81206929290046,0.8388158042782626
2,LK,/kaggle/working/sabs_CT_normalized/image_12.nii.gz,0.3684210526315789,1.2373046875,1.2373046875,5.0,0.8888363292336803,3.7119140625,0.8888363292336803,3.7119140625,0.8900322304030279,3.7119140625,0.8915255242784682,3.499626139700608,0.8935804299481097,3.499626139700608,0.8915255242784682,3.499626139700608,0.8936561628390006,2.7666973901291345,0.8915255242784682,3.499626139700608,0.8946117744905839,2.7666973901291345,0.8915255242784682,3.499626139700608,0.8969585033810956,2.474609375,0.8915255242784682,3.499626139700608,0.8966606094908993,2.7666973901291345,0.8915255242784682,3.499626139700608,0.8984001910219676,2.474609375,0.8915255242784682,3.499626139700608,0.8984001910219676,2.474609375,0.8915255242784682,3.499626139700608,0.8984001910219676,2.474609375,0.8915255242784682,3.499626139700608,0.8984001910219676,2.474609375,0.8915255242784682,3.499626139700608,0.8984001910219676,2.474609375,0.8915255242784682,3.499626139700608,0.8984001910219676,2.474609375,0.8905347355947267,3.7119140625,0.8915255242784682,3.499626139700608,0.8915255242784682,3.499626139700608,0.8984001910219676
2,LK,/kaggle/working/sabs_CT_normalized/image_13.nii.gz,0.7586206896551724,1.19970703125,1.19970703125,3.0,0.8700795328702305,8.48388308405561,0.8700795328702305,8.48388308405561,0.8711298106669967,8.817006967451595,0.8707647384584403,8.246888831193145,0.8747148149056743,10.250301368283777,0.8707647384584403,8.246888831193145,0.8784155332246527,10.79736328125,0.8707647384584403,8.246888831193145,0.8730208610312069,12.879571760370958,0.8707647384584403,8.246888831193145,0.8737563242876855,15.564373779060867,0.8707647384584403,8.246888831193145,0.8736566947429567,20.951982556630767,0.8707647384584403,8.246888831193145,0.8671248017684655,24.35802395740924,0.8707647384584403,8.246888831193145,0.8671248017684655,24.35802395740924,0.8707647384584403,8.246888831193145,0.8671248017684655,24.35802395740924,0.8707647384584403,8.246888831193145,0.8671248017684655,24.35802395740924,0.8707647384584403,8.246888831193145,0.8671248017684655,24.35802395740924,0.8707647384584403,8.246888831193145,0.8671248017684655,24.35802395740924,0.8692154915590864,8.733999022442497,0.8707647384584403,8.246888831193145,0.8707647384584403,8.246888831193145,0.8784155332246527
2,LK,/kaggle/working/sabs_CT_normalized/image_15.nii.gz,0.48,1.363769769668579,1.363769769668579,5.0,0.7931945270672219,19.74367804669124,0.7931945270672219,19.74367804669124,0.8373419010340069,21.058734447941667,0.799421979011205,20.017325817943355,0.8536569104606974,21.058734447941667,0.799421979011205,20.017325817943355,0.8660958679133729,21.61259021288583,0.799421979011205,20.017325817943355,0.8787502142979599,22.59259931917426,0.799421979011205,20.017325817943355,0.877732724035099,22.537569072087646,0.799421979011205,20.017325817943355,0.8697018601885671,29.522111881467296,0.799421979011205,20.017325817943355,0.8673810834851116,31.70155824841644,0.799421979011205,20.017325817943355,0.8673810834851116,31.70155824841644,0.799421979011205,20.017325817943355,0.8673810834851116,31.70155824841644,0.799421979011205,20.017325817943355,0.8673810834851116,31.70155824841644,0.799421979011205,20.017325817943355,0.8673810834851116,31.70155824841644,0.799421979011205,20.017325817943355,0.8673810834851116,31.70155824841644,0.807148349215965,20.137949175539585,0.799421979011205,20.017325817943355,0.799421979011205,20.017325817943355,0.8787502142979599
2,LK,/kaggle/working/sabs_CT_normalized/image_16.nii.gz,0.5,1.3569341897964478,1.3569341897964478,5.0,0.8670994741925099,7.307314244489402,0.8670994741925099,7.307314244489402,0.878316170405258,8.141605138778687,0.8693162050046835,7.307314244489402,0.8853552057150417,8.428034164973678,0.8693162050046835,7.307314244489402,0.888906181101341,8.582005349423973,0.8693162050046835,7.307314244489402,0.8951113861386139,8.253908445774405,0.8693162050046835,7.307314244489402,0.8938276697777549,8.582005349423973,0.8693162050046835,7.307314244489402,0.89043942231229,9.346566357274062,0.8693162050046835,7.307314244489402,0.8894925679138903,10.597994816084364,0.8693162050046835,7.307314244489402,0.8894925679138903,10.597994816084364,0.8693162050046835,7.307314244489402,0.8894925679138903,10.597994816084364,0.8693162050046835,7.307314244489402,0.8894925679138903,10.597994816084364,0.8693162050046835,7.307314244489402,0.8894925679138903,10.597994816084364,0.8693162050046835,7.307314244489402,0.8894925679138903,10.597994816084364,0.8707146695325094,7.675978937831536,0.8693162050046835,7.307314244489402,0.8693162050046835,7.307314244489402,0.8951113861386139
2,LK,/kaggle/working/sabs_CT_normalized/image_17.nii.gz,0.5789473684210527,1.39453125,1.39453125,5.0,0.7909946606484285,4.18359375,0.7909946606484285,4.18359375,0.8259853559744509,5.578125,0.7878754477817581,4.18359375,0.8298865910607072,5.578125,0.7878754477817581,4.18359375,0.8449337002752064,6.97265625,0.7878754477817581,4.18359375,0.8425145819831497,6.97265625,0.7878754477817581,4.18359375,0.8391038696537678,7.888660027612421,0.7878754477817581,4.18359375,0.8380536679728188,7.110742056064939,0.7878754477817581,4.18359375,0.8357160524363096,7.888660027612421,0.7878754477817581,4.18359375,0.8357160524363096,7.888660027612421,0.7878754477817581,4.18359375,0.8357160524363096,7.888660027612421,0.7878754477817581,4.18359375,0.8357160524363096,7.888660027612421,0.7878754477817581,4.18359375,0.8357160524363096,7.888660027612421,0.7878754477817581,4.18359375,0.8357160524363096,7.888660027612421,0.8027559685947765,5.028053927111891,0.7878754477817581,4.18359375,0.7878754477817581,4.18359375,0.8449337002752064
2,LK,/kaggle/working/sabs_CT_normalized/image_18.nii.gz,0.6857142857142857,1.53125,1.53125,3.0,0.6659665202724206,25.334461115246043,0.6659665202724206,25.334461115246043,0.7177353218114996,24.92506347158418,0.6792488619119879,25.351337527170248,0.735335509177471,24.75430094880776,0.6792357332658484,25.351337527170248,0.7591973244147158,24.478246879882963,0.6792357332658484,25.351337527170248,0.8202203643209125,25.595905739492792,0.6792357332658484,25.351337527170248,0.8468439256377,27.019235046536753,0.6792357332658484,25.351337527170248,0.8622776844519106,28.82643268502844,0.6792357332658484,25.351337527170248,0.8608383233532935,29.561904288859253,0.6792357332658484,25.351337527170248,0.8608383233532935,29.561904288859253,0.6792357332658484,25.351337527170248,0.8608383233532935,29.561904288859253,0.6792357332658484,25.351337527170248,0.8608383233532935,29.561904288859253,0.6792357332658484,25.351337527170248,0.8608383233532935,29.561904288859253,0.6792357332658484,25.351337527170248,0.8608383233532935,29.561904288859253,0.707964059002116,25.107390381831912,0.6792357332658484,25.351337527170248,0.6792357332658484,25.351337527170248,0.8622776844519106
2,LIVER,/kaggle/working/sabs_CT_normalized/image_12.nii.gz,2.972972972972973,1.2373046875,1.2373046875,5.0,0.884869433033533,20.29873069655688,0.884869433033533,20.29873069655688,0.8844555958582194,22.179528429644062,0.8866722335172814,14.551885477449014,0.8858947022377258,22.66649817162624,0.8866948243314818,16.10018572966738,0.8833078868810246,29.157369839504412,0.8881838302186537,12.618081491644645,0.8809078552467137,36.030729626971514,0.8919208339490945,12.995827408708006,0.8791181890508021,46.241629446187346,0.8939652699028595,12.697909890544148,0.8695059914337905,50.7294921875,0.8939652699028595,12.697909890544148,0.8714020890916558,57.63678548118066,0.8939652699028595,12.697909890544148,0.8714020890916558,57.63678548118066,0.8939652699028595,12.697909890544148,0.8714020890916558,57.63678548118066,0.8939652699028595,12.697909890544148,0.8714020890916558,57.63678548118066,0.8939652699028595,12.697909890544148,0.8714020890916558,57.63678548118066,0.8939652699028595,12.697909890544148,0.8714020890916558,57.63678548118066,0.8840404243459827,31.978957676358466,0.8939652699028595,12.697909890544148,0.8932041043324773,12.618081491644645,0.8858947022377258
2,LIVER,/kaggle/working/sabs_CT_normalized/image_13.nii.gz,2.2857142857142856,1.19970703125,1.19970703125,3.0,0.9114135850461559,7.1982421875,0.9114135850461559,7.1982421875,0.9121746592916585,7.890119615743191,0.9121910641185613,8.483209772340564,0.9136575584275032,7.611576490336506,0.9115971417535728,8.483209772340564,0.9130396928354388,8.39794921875,0.9077015124985702,10.055595730396288,0.9146661269507574,8.483209772340564,0.9016092746551396,11.206384511843495,0.9113887679582063,10.747463658997454,0.8981006399198216,11.9970703125,0.9109171324170935,13.19677734375,0.8981006399198216,11.9970703125,0.9072521371021628,14.359097591206918,0.8981006399198216,11.9970703125,0.9072521371021628,14.359097591206918,0.8981006399198216,11.9970703125,0.9072521371021628,14.359097591206918,0.8981006399198216,11.9970703125,0.9072521371021628,14.359097591206918,0.8981006399198216,11.9970703125,0.9072521371021628,14.359097591206918,0.8981006399198216,11.9970703125,0.9072521371021628,14.359097591206918,0.9127096585731663,8.39794921875,0.8981006399198216,11.9970703125,0.9016092746551396,11.206384511843495,0.9146661269507574
2,LIVER,/kaggle/working/sabs_CT_normalized/image_15.nii.gz,3.68,1.363769769668579,1.363769769668579,5.0,0.8681423254294933,25.47897729110422,0.8681423254294933,25.47897729110422,0.8761072050121824,23.854707024267398,0.8784276961194629,23.343978227927078,0.8740411147710788,22.20056341481902,0.8796927755293696,18.869459485364604,0.8697095482298226,18.598156333438613,0.8801306138796717,23.22416232185669,0.8671638884891173,21.130468513891195,0.8816752656877012,30.12373602225739,0.8729597911897,36.68639283171654,0.8785079539221065,35.79686781955805,0.8796561525891545,42.28293587785563,0.8780225419677431,35.693270647187745,0.8799780611545317,44.85470196347784,0.8780225419677431,35.693270647187745,0.8799780611545317,44.85470196347784,0.8780225419677431,35.693270647187745,0.8799780611545317,44.85470196347784,0.8780225419677431,35.693270647187745,0.8799780611545317,44.85470196347784,0.8780225419677431,35.693270647187745,0.8799780611545317,44.85470196347784,0.8780225419677431,35.693270647187745,0.8799780611545317,44.85470196347784,0.8759816634657172,30.51827475693214,0.8780225419677431,35.693270647187745,0.8791197327132515,35.0,0.8799780611545317
2,LIVER,/kaggle/working/sabs_CT_normalized/image_16.nii.gz,3.65,1.3569341897964478,1.3569341897964478,5.0,0.9095782935599869,23.94224490151165,0.9095782935599869,23.94224490151165,0.9133360215103715,31.049401147409704,0.8900904121989905,23.067881226539612,0.9155809540850751,25.03679832557347,0.8764636470908596,19.045478935994044,0.9144519825567914,21.710947036743164,0.8751410857028,19.757260028479934,0.9148206805424097,18.385210556981722,0.8761477092109933,19.757260028479934,0.9154622093348709,20.354012846946716,0.8736567037248929,19.077096287573497,0.9235688358804256,35.53491617974345,0.8757594513247376,17.64014446735382,0.9277061652692155,50.311096328238584,0.8786856490011963,17.64014446735382,0.9277061652692155,50.311096328238584,0.8786856490011963,17.64014446735382,0.9277061652692155,50.311096328238584,0.8786856490011963,17.64014446735382,0.9277061652692155,50.311096328238584,0.8786856490011963,17.64014446735382,0.9277061652692155,50.311096328238584,0.8786856490011963,17.64014446735382,0.9277061652692155,50.311096328238584,0.9214395602560225,21.636976952167448,0.8786856490011963,17.64014446735382,0.8768297545687279,17.64014446735382,0.9277061652692155
2,LIVER,/kaggle/working/sabs_CT_normalized/image_17.nii.gz,3.6458333333333335,1.39453125,1.39453125,5.0,0.7368140486608249,16.734375,0.7368140486608249,16.734375,0.7349479397089544,17.249398925923884,0.7413092976888501,17.02242326100364,0.749363941722397,17.465374506165762,0.7408339451512154,15.900102607827822,0.7637308012254753,18.12890625,0.7391264145441095,15.046814661905241,0.7624717912074493,18.12890625,0.7380326355772758,14.587446987706267,0.7579192490304809,18.857411254690174,0.7294414256109557,15.046814661905241,0.7610113900115603,18.12890625,0.7278295943325627,14.824070527915117,0.7607189966241141,18.182462958260512,0.7297330844476696,14.221484112129877,0.7607189966241141,18.182462958260512,0.7297330844476696,14.221484112129877,0.7607189966241141,18.182462958260512,0.7297330844476696,14.221484112129877,0.7607189966241141,18.182462958260512,0.7297330844476696,14.221484112129877,0.7607189966241141,18.182462958260512,0.7297330844476696,14.221484112129877,0.7607189966241141,18.182462958260512,0.7591893426472817,18.342194837319642,0.7297330844476696,14.221484112129877,0.7310409864759633,14.814578654914767,0.7637308012254753
2,LIVER,/kaggle/working/sabs_CT_normalized/image_18.nii.gz,2.851063829787234,1.53125,1.53125,3.0,0.9064037707833353,10.70106047606965,0.9064037707833353,10.70106047606965,0.9186099591107313,11.661652568354109,0.9068540694883755,12.25,0.9065742411449474,12.283794265718553,0.9105320485143463,9.314230124519149,0.9055117916096502,11.130660427957544,0.9052300316179408,9.314230124519149,0.9046894466521891,11.442280421751601,0.9052186427979969,9.314230124519149,0.9114960583756159,12.627010978454086,0.9056929991995567,9.314230124519149,0.9199343242061188,16.913209057567993,0.9056929991995567,9.314230124519149,0.9239765804631759,18.375,0.9056929991995567,9.314230124519149,0.9239765804631759,18.375,0.9056929991995567,9.314230124519149,0.9239765804631759,18.375,0.9056929991995567,9.314230124519149,0.9239765804631759,18.375,0.9056929991995567,9.314230124519149,0.9239765804631759,18.375,0.9056929991995567,9.314230124519149,0.9239765804631759,18.375,0.9063494912195733,11.661652568354109,0.9056929991995567,9.314230124519149,0.905304290194861,9.314230124519149,0.9239765804631759
3,LK,/kaggle/working/sabs_CT_normalized/image_18.nii.gz,0.42857142857142855,1.53125,1.53125,3.0,0.8835249261818078,6.82023643285187,0.8835249261818078,6.82023643285187,0.8927748102333427,6.847958181093106,0.884006777519313,6.82023643285187,0.89075536144241,6.847958181093106,0.884006777519313,6.82023643285187,0.8975634151084934,6.82023643285187,0.884006777519313,6.82023643285187,0.8972257600088599,6.847958181093106,0.884006777519313,6.82023643285187,0.8990963436674545,6.847958181093106,0.884006777519313,6.82023643285187,0.8968843552500277,7.65625,0.884006777519313,6.82023643285187,0.8941364929433535,7.65625,0.884006777519313,6.82023643285187,0.8941364929433535,7.65625,0.884006777519313,6.82023643285187,0.8941364929433535,7.65625,0.884006777519313,6.82023643285187,0.8941364929433535,7.65625,0.884006777519313,6.82023643285187,0.8941364929433535,7.65625,0.884006777519313,6.82023643285187,0.8941364929433535,7.65625,0.8838268792710706,6.82023643285187,0.884006777519313,6.82023643285187,0.884006777519313,6.82023643285187,0.8990963436674545
3,LK,/kaggle/working/sabs_CT_normalized/image_19.nii.gz,0.45714285714285713,1.298828125,1.298828125,3.0,0.8971223441512958,6.1389701496497775,0.8971223441512958,6.1389701496497775,0.9168611601297888,6.494140625,0.8934797589548846,6.138579148155259,0.9171691436659589,6.494140625,0.8927266591345943,6.1389701496497775,0.9281337203595418,5.561511348346167,0.8927266591345943,6.1389701496497775,0.9325452695261859,5.808535957177188,0.8927266591345943,6.1389701496497775,0.9337644959857271,6.274167751123513,0.8927266591345943,6.1389701496497775,0.9342540442550129,6.494140625,0.8927266591345943,6.1389701496497775,0.9293610694274268,7.610629438518174,0.8927266591345943,6.1389701496497775,0.9293610694274268,7.610629438518174,0.8927266591345943,6.1389701496497775,0.9293610694274268,7.610629438518174,0.8927266591345943,6.1389701496497775,0.9293610694274268,7.610629438518174,0.8927266591345943,6.1389701496497775,0.9293610694274268,7.610629438518174,0.8927266591345943,6.1389701496497775,0.9293610694274268,7.610629438518174,0.9113254466788369,6.138259237841561,0.8927266591345943,6.1389701496497775,0.8927266591345943,6.1389701496497775,0.9342540442550129
3,LK,/kaggle/working/sabs_CT_normalized/image_21.nii.gz,0.6176470588235294,1.29541015625,1.29541015625,3.0,0.805559207437318,38.96289288095668,0.805559207437318,38.96289288095668,0.8150516028861083,41.09642515866696,0.8082688497626257,39.09008698930438,0.8114003461205653,42.36735488361515,0.8092576321250303,39.051023668399864,0.8185275299630531,42.12513596671505,0.8092576321250303,39.051023668399864,0.8242569820385043,42.43333428377379,0.8092576321250303,39.051023668399864,0.8171384576820468,42.67524703400706,0.8092576321250303,39.051023668399864,0.8223900488671702,42.82488466048963,0.8092576321250303,39.051023668399864,0.8208028938222569,42.67524703400706,0.8092576321250303,39.051023668399864,0.8208028938222569,42.67524703400706,0.8092576321250303,39.051023668399864,0.8208028938222569,42.67524703400706,0.8092576321250303,39.051023668399864,0.8208028938222569,42.67524703400706,0.8092576321250303,39.051023668399864,0.8208028938222569,42.67524703400706,0.8092576321250303,39.051023668399864,0.8208028938222569,42.67524703400706,0.8173485604464649,39.547155710080915,0.8092576321250303,39.051023668399864,0.8092576321250303,39.051023668399864,0.8242569820385043
3,LK,/kaggle/working/sabs_CT_normalized/image_22.nii.gz,0.55,1.425292730331421,1.425292730331421,5.0,0.7735053989992099,8.551756381988525,0.7735053989992099,8.551756381988525,0.800270079094592,8.551756381988525,0.7714323397520443,8.551756381988525,0.8069424023524899,8.551756381988525,0.7723078950836958,8.551756381988525,0.8104629305126326,8.551756381988525,0.7723078950836958,8.551756381988525,0.8288327799010087,8.551756381988525,0.7723078950836958,8.551756381988525,0.8248821866163997,8.551756381988525,0.7723078950836958,8.551756381988525,0.8342395525866086,8.062673238345896,0.7723078950836958,8.551756381988525,0.8395533896736783,7.675436251245417,0.7723078950836958,8.551756381988525,0.8395533896736783,7.675436251245417,0.7723078950836958,8.551756381988525,0.8395533896736783,7.675436251245417,0.7723078950836958,8.551756381988525,0.8395533896736783,7.675436251245417,0.7723078950836958,8.551756381988525,0.8395533896736783,7.675436251245417,0.7723078950836958,8.551756381988525,0.8395533896736783,7.675436251245417,0.7934146262573989,8.551756381988525,0.7723078950836958,8.551756381988525,0.7723078950836958,8.551756381988525,0.8395533896736783
3,LK,/kaggle/working/sabs_CT_normalized/image_23.nii.gz,0.25,1.17578125,1.17578125,5.0,0.8969480921028701,3.52734375,0.8969480921028701,3.52734375,0.9129156056095549,3.52734375,0.8972616466558566,3.52734375,0.9124218693871686,3.52734375,0.8972616466558566,3.52734375,0.9190523021904337,3.52734375,0.8972616466558566,3.52734375,0.9323419550355909,2.6291268016696745,0.8972616466558566,3.52734375,0.9328485960856291,2.6291268016696745,0.8972616466558566,3.52734375,0.9318193858270497,2.6291268016696745,0.8972616466558566,3.52734375,0.9296945153622678,3.3256115802679815,0.8972616466558566,3.52734375,0.9296945153622678,3.3256115802679815,0.8972616466558566,3.52734375,0.9296945153622678,3.3256115802679815,0.8972616466558566,3.52734375,0.9296945153622678,3.3256115802679815,0.8972616466558566,3.52734375,0.9296945153622678,3.3256115802679815,0.8972616466558566,3.52734375,0.9296945153622678,3.3256115802679815,0.8978010585474983,3.52734375,0.8972616466558566,3.52734375,0.8972616466558566,3.52734375,0.9328485960856291
3,LK,/kaggle/working/sabs_CT_normalized/image_24.nii.gz,0.17391304347826086,1.609863519668579,1.609863519668579,5.0,0.8747885606388419,8.049317598342896,0.8747885606388419,8.049317598342896,0.8941212445531688,8.669380370408918,0.8704345088161209,8.049317598342896,0.9059138770426841,9.387036740453826,0.8704345088161209,8.049317598342896,0.9142878410063642,9.659181118011475,0.8704345088161209,8.049317598342896,0.9130112625963248,10.007904676146325,0.8704345088161209,8.049317598342896,0.9133447582147382,9.611616635662928,0.8704345088161209,8.049317598342896,0.910811011352675,9.792417496334044,0.8704345088161209,8.049317598342896,0.9054532056005895,10.799292793428037,0.8704345088161209,8.049317598342896,0.9054532056005895,10.799292793428037,0.8704345088161209,8.049317598342896,0.9054532056005895,10.799292793428037,0.8704345088161209,8.049317598342896,0.9054532056005895,10.799292793428037,0.8704345088161209,8.049317598342896,0.9054532056005895,10.799292793428037,0.8704345088161209,8.049317598342896,0.9054532056005895,10.799292793428037,0.8705486420912577,8.669380370408918,0.8704345088161209,8.049317598342896,0.8704345088161209,8.049317598342896,0.9142878410063642
3,LIVER,/kaggle/working/sabs_CT_normalized/image_18.nii.gz,2.148936170212766,1.53125,1.53125,3.0,0.8312353804857197,14.117427450229734,0.8312353804857197,14.117427450229734,0.8480563714767827,13.42255709850027,0.8425882804873878,13.172310565159023,0.8620263370061811,12.283794265718553,0.8365043397601537,14.07964232944147,0.865351408567457,12.566852479837582,0.836723821236691,14.117427450229734,0.8619716731771165,15.901306943141497,0.8362017504994416,14.117427450229734,0.853700165064074,17.21648124799316,0.8362017504994416,14.117427450229734,0.8602705642967947,18.375,0.8362017504994416,14.117427450229734,0.8695365314452558,20.598586306164314,0.8362017504994416,14.117427450229734,0.8695365314452558,20.598586306164314,0.8362017504994416,14.117427450229734,0.8695365314452558,20.598586306164314,0.8362017504994416,14.117427450229734,0.8695365314452558,20.598586306164314,0.8362017504994416,14.117427450229734,0.8695365314452558,20.598586306164314,0.8362017504994416,14.117427450229734,0.8695365314452558,20.598586306164314,0.8618841797019605,13.42255709850027,0.8362017504994416,14.117427450229734,0.8362017504994416,14.117427450229734,0.8695365314452558
3,LIVER,/kaggle/working/sabs_CT_normalized/image_19.nii.gz,2.459016393442623,1.298828125,1.298828125,3.0,0.7449904731660845,15.109734768612983,0.7449904731660845,15.109734768612983,0.7550399294498065,15.800926104094986,0.7217241852321049,15.5859375,0.7501266130900268,16.8017513332475,0.6888836327270765,15.640798775453526,0.7509830414353675,17.149207276465628,0.6513858338884093,15.872033510357337,0.7617306946061312,16.884765625,0.6382808219029735,15.800926104094986,0.7588886888131182,17.586298663897438,0.6318792267588104,15.693799946172637,0.7490706825094097,18.18359375,0.6318792267588104,15.693799946172637,0.7597950909785255,18.429408066051362,0.6318792267588104,15.693799946172637,0.7597950909785255,18.429408066051362,0.6318792267588104,15.693799946172637,0.7597950909785255,18.429408066051362,0.6318792267588104,15.693799946172637,0.7597950909785255,18.429408066051362,0.6318792267588104,15.693799946172637,0.7597950909785255,18.429408066051362,0.6318792267588104,15.693799946172637,0.7597950909785255,18.429408066051362,0.7557247446902189,17.084183102694052,0.6318792267588104,15.693799946172637,0.6382808219029735,15.800926104094986,0.7617306946061312
3,LIVER,/kaggle/working/sabs_CT_normalized/image_21.nii.gz,2.2203389830508473,1.29541015625,1.29541015625,3.0,0.8151206264035618,15.676764146801986,0.8151206264035618,15.676764146801986,0.8243257256137854,17.05171352429005,0.7788585232893346,16.84033203125,0.8249205091488317,17.300552962677447,0.7509210629458336,17.05171352429005,0.8259652255067054,17.449756321121047,0.7436546384850593,17.10546061708789,0.822012701197031,16.890082012697878,0.7382712291359234,17.05171352429005,0.8134746991889849,16.84033203125,0.7382712291359234,17.05171352429005,0.8130671285744674,15.831759096823497,0.7382712291359234,17.05171352429005,0.8307164721675531,16.30822471301938,0.7382712291359234,17.05171352429005,0.8307164721675531,16.30822471301938,0.7382712291359234,17.05171352429005,0.8307164721675531,16.30822471301938,0.7382712291359234,17.05171352429005,0.8307164721675531,16.30822471301938,0.7382712291359234,17.05171352429005,0.8307164721675531,16.30822471301938,0.7382712291359234,17.05171352429005,0.8307164721675531,16.30822471301938,0.821982727856684,17.58464945105612,0.7382712291359234,17.05171352429005,0.7382712291359234,17.05171352429005,0.8307164721675531
3,LIVER,/kaggle/working/sabs_CT_normalized/image_22.nii.gz,2.1578947368421053,1.425292730331421,1.425292730331421,5.0,0.8778645398248752,7.1264636516571045,0.8778645398248752,7.1264636516571045,0.8900251321604992,7.1264636516571045,0.8782984974006648,7.1264636516571045,0.8866339565640265,7.1264636516571045,0.8629720243711676,8.551756381988525,0.8944685100468267,6.374102865714667,0.8366189637583281,9.561154298572001,0.8944472776037409,6.374102865714667,0.8267025522468744,9.014342720654893,0.8907868543383547,6.578991891180621,0.820063141826256,9.977049112319946,0.8923352958872319,7.1264636516571045,0.820063141826256,9.977049112319946,0.8940052869446576,7.267595444541854,0.820063141826256,9.977049112319946,0.8940052869446576,7.267595444541854,0.820063141826256,9.977049112319946,0.8940052869446576,7.267595444541854,0.820063141826256,9.977049112319946,0.8940052869446576,7.267595444541854,0.820063141826256,9.977049112319946,0.8940052869446576,7.267595444541854,0.820063141826256,9.977049112319946,0.8940052869446576,7.267595444541854,0.892720586049704,6.374102865714667,0.820063141826256,9.977049112319946,0.8267025522468744,9.014342720654893,0.8944685100468267
3,LIVER,/kaggle/working/sabs_CT_normalized/image_23.nii.gz,2.40625,1.17578125,1.17578125,5.0,0.8744108520721905,7.0546875,0.8744108520721905,7.0546875,0.8755507656616546,7.4362935602397044,0.8228674609444274,8.314028950669954,0.8780268424467873,8.95448322212905,0.8037196647500335,8.23046875,0.868813056123726,9.40625,0.7695052354239381,8.23046875,0.8670960377223876,9.40625,0.7528846557812975,8.23046875,0.8565624470980427,9.40625,0.7614356673296039,8.23046875,0.8430699040327233,9.40625,0.7614356673296039,8.23046875,0.8389844590399063,9.40625,0.7614356673296039,8.23046875,0.8389844590399063,9.40625,0.7614356673296039,8.23046875,0.8389844590399063,9.40625,0.7614356673296039,8.23046875,0.8389844590399063,9.40625,0.7614356673296039,8.23046875,0.8389844590399063,9.40625,0.7614356673296039,8.23046875,0.8389844590399063,9.40625,0.8674207475236321,9.40625,0.7614356673296039,8.23046875,0.7607225744471756,8.23046875,0.8780268424467873
3,LIVER,/kaggle/working/sabs_CT_normalized/image_24.nii.gz,1.7692307692307692,1.609863519668579,1.609863519668579,5.0,0.8794761341744731,17.338760740817836,0.8794761341744731,17.338760740817836,0.8983690881998735,14.488771677017212,0.8514024065594719,16.09863519668579,0.8956244714305654,12.878908157348633,0.853248724903195,15.855316885514823,0.8843816375891662,19.31836223602295,0.8551788809883298,12.979134635151176,0.8825110863614296,33.75286478709388,0.8558321393429889,12.878908157348633,0.8801742919389978,43.686912678863756,0.8558321393429889,12.878908157348633,0.8761624395531432,57.81253911900864,0.8558321393429889,12.878908157348633,0.8921225468989656,58.47489527099917,0.8558321393429889,12.878908157348633,0.8921225468989656,58.47489527099917,0.8558321393429889,12.878908157348633,0.8921225468989656,58.47489527099917,0.8558321393429889,12.878908157348633,0.8921225468989656,58.47489527099917,0.8558321393429889,12.878908157348633,0.8921225468989656,58.47489527099917,0.8558321393429889,12.878908157348633,0.8921225468989656,58.47489527099917,0.8828769868863456,26.163876438129577,0.8558321393429889,12.878908157348633,0.8558321393429889,12.878908157348633,0.8983690881998735
4,LK,/kaggle/working/sabs_CT_normalized/image_0.nii.gz,0.24324324324324326,1.1689453125,1.1689453125,3.0,0.8987189075731622,7.841523542189204,0.8987189075731622,7.841523542189204,0.9127402135231317,8.39580201426329,0.8998997669279167,7.6283414429459055,0.9119008634398595,9.3515625,0.8999299533827685,7.6283414429459055,0.9251416641813301,10.275981538767137,0.8999299533827685,7.6283414429459055,0.9281907913504878,10.741832084130227,0.8999299533827685,7.6283414429459055,0.9269030946464875,13.800678493571777,0.8999299533827685,7.6283414429459055,0.9187735944168748,17.55996645100893,0.8999299533827685,7.6283414429459055,0.9179997537193968,18.380825594242573,0.8999299533827685,7.6283414429459055,0.9179997537193968,18.380825594242573,0.8999299533827685,7.6283414429459055,0.9179997537193968,18.380825594242573,0.8999299533827685,7.6283414429459055,0.9179997537193968,18.380825594242573,0.8999299533827685,7.6283414429459055,0.9179997537193968,18.380825594242573,0.8999299533827685,7.6283414429459055,0.9179997537193968,18.380825594242573,0.8976431057531343,8.1826171875,0.8999299533827685,7.6283414429459055,0.8999299533827685,7.6283414429459055,0.9281907913504878
4,LK,/kaggle/working/sabs_CT_normalized/image_24.nii.gz,0.043478260869565216,1.609863519668579,1.609863519668579,5.0,0.8154191990675215,6.439454078674316,0.8154191990675215,6.439454078674316,0.8615655373785048,5.804445466663992,0.8146790519431832,6.439454078674316,0.8809671901726015,6.161030981889194,0.8146790519431832,6.439454078674316,0.9118932938125232,6.637637334422166,0.8146790519431832,6.439454078674316,0.9128615474966966,7.1707549571202165,0.8146790519431832,6.439454078674316,0.9101049387245909,7.199528528952025,0.8146790519431832,6.439454078674316,0.9020235842189547,8.669380370408918,0.8146790519431832,6.439454078674316,0.8939464870899204,10.799292793428037,0.8146790519431832,6.439454078674316,0.8939464870899204,10.799292793428037,0.8146790519431832,6.439454078674316,0.8939464870899204,10.799292793428037,0.8146790519431832,6.439454078674316,0.8939464870899204,10.799292793428037,0.8146790519431832,6.439454078674316,0.8939464870899204,10.799292793428037,0.8146790519431832,6.439454078674316,0.8939464870899204,10.799292793428037,0.8151725860848565,6.439454078674316,0.8146790519431832,6.439454078674316,0.8146790519431832,6.439454078674316,0.9128615474966966
4,LK,/kaggle/working/sabs_CT_normalized/image_26.nii.gz,0.22727272727272727,1.23046875,1.23046875,5.0,0.8520640984824366,3.69140625,0.8520640984824366,3.69140625,0.8784245256374047,3.69140625,0.8526209570343619,3.69140625,0.8820400020461404,3.69140625,0.8526209570343619,3.69140625,0.8957110836880147,3.4802911886525387,0.8526209570343619,3.69140625,0.8998598738864978,3.69140625,0.8526209570343619,3.69140625,0.9049809763011961,3.69140625,0.8526209570343619,3.69140625,0.9102142892168882,4.921875,0.8526209570343619,3.69140625,0.9116040955631399,4.921875,0.8526209570343619,3.69140625,0.9116040955631399,4.921875,0.8526209570343619,3.69140625,0.9116040955631399,4.921875,0.8526209570343619,3.69140625,0.9116040955631399,4.921875,0.8526209570343619,3.69140625,0.9116040955631399,4.921875,0.8526209570343619,3.69140625,0.9116040955631399,4.921875,0.8515602216389618,3.69140625,0.8526209570343619,3.69140625,0.8526209570343619,3.69140625,0.9116040955631399
4,LK,/kaggle/working/sabs_CT_normalized/image_27.nii.gz,0.045454545454545456,1.7089835405349731,1.7089835405349731,5.0,0.8931708313474501,5.404280471829208,0.8931708313474501,5.404280471829208,0.9006067513660286,5.404280471829208,0.8933546782928574,5.404280471829208,0.902031302031302,5.404280471829208,0.8933546782928574,5.404280471829208,0.915049022833454,5.404280471829208,0.8933546782928574,5.404280471829208,0.9186080899024086,5.126950621604919,0.8933546782928574,5.404280471829208,0.9183163433081223,5.126950621604919,0.8933546782928574,5.404280471829208,0.9142521151144939,6.161827784322837,0.8933546782928574,5.404280471829208,0.9164265129682997,5.404280471829208,0.8933546782928574,5.404280471829208,0.9164265129682997,5.404280471829208,0.8933546782928574,5.404280471829208,0.9164265129682997,5.404280471829208,0.8933546782928574,5.404280471829208,0.9164265129682997,5.404280471829208,0.8933546782928574,5.404280471829208,0.9164265129682997,5.404280471829208,0.8933546782928574,5.404280471829208,0.9164265129682997,5.404280471829208,0.8924562954901027,6.056607876301537,0.8933546782928574,5.404280471829208,0.8933546782928574,5.404280471829208,0.9186080899024086
4,LK,/kaggle/working/sabs_CT_normalized/image_28.nii.gz,0.36,1.7080000638961792,1.7080000638961792,5.0,0.7909253835730209,59.308215884896605,0.7909253835730209,59.308215884896605,0.8055697932684094,65.82657643783493,0.7880646716032073,58.90803594029777,0.8051705076962327,62.559315102610164,0.7880646716032073,58.90803594029777,0.8125661543672467,58.520639076337,0.7880646716032073,58.90803594029777,0.8115340644451031,55.8582157207927,0.7880646716032073,58.90803594029777,0.8199108978752571,44.717616192088116,0.7880646716032073,58.90803594029777,0.8635017499775643,11.956000447273254,0.7880646716032073,58.90803594029777,0.8719249762152856,9.19786183467719,0.7880646716032073,58.90803594029777,0.8719249762152856,9.19786183467719,0.7880646716032073,58.90803594029777,0.8719249762152856,9.19786183467719,0.7880646716032073,58.90803594029777,0.8719249762152856,9.19786183467719,0.7880646716032073,58.90803594029777,0.8719249762152856,9.19786183467719,0.7880646716032073,58.90803594029777,0.8719249762152856,9.19786183467719,0.7918888209072633,59.128857099347684,0.7880646716032073,58.90803594029777,0.7880646716032073,58.90803594029777,0.8719249762152856
4,LK,/kaggle/working/sabs_CT_normalized/image_29.nii.gz,0.2222222222222222,1.298828125,1.298828125,3.0,0.8688780315516835,23.784526744574485,0.8688780315516835,23.784526744574485,0.8743274736024398,28.61174086869499,0.870787013829505,21.713014600214255,0.8743005166516394,29.534051735997554,0.870787013829505,21.713014600214255,0.8858781200809535,33.45264321462524,0.870787013829505,21.713014600214255,0.8812791101842197,35.483280078122746,0.870787013829505,21.713014600214255,0.8852295270729575,39.76298920115516,0.870787013829505,21.713014600214255,0.892135019216844,40.34625207904487,0.870787013829505,21.713014600214255,0.8889011428335103,42.019143283177456,0.870787013829505,21.713014600214255,0.8889011428335103,42.019143283177456,0.870787013829505,21.713014600214255,0.8889011428335103,42.019143283177456,0.870787013829505,21.713014600214255,0.8889011428335103,42.019143283177456,0.870787013829505,21.713014600214255,0.8889011428335103,42.019143283177456,0.870787013829505,21.713014600214255,0.8889011428335103,42.019143283177456,0.8610831693272104,27.151893116967095,0.870787013829505,21.713014600214255,0.870787013829505,21.713014600214255,0.892135019216844
4,LIVER,/kaggle/working/sabs_CT_normalized/image_0.nii.gz,3.1333333333333333,1.1689453125,1.1689453125,3.0,0.8790628943650715,10.493619615154891,0.8790628943650715,10.493619615154891,0.8868484482500555,10.095417463674751,0.8921480451263839,10.5205078125,0.8930828899288416,10.055647797509788,0.8964556767945212,9.918829887659735,0.89446323172846,10.455364722918938,0.898055903468017,9.918829887659735,0.8967728660543236,10.5205078125,0.9027367244412547,9.89030607893517,0.8973989564178769,10.777143276737878,0.9044920038225505,9.89030607893517,0.9082506999349045,10.493619615154891,0.9044920038225505,9.89030607893517,0.9140715698397752,9.3515625,0.9044920038225505,9.89030607893517,0.9140715698397752,9.3515625,0.9044920038225505,9.89030607893517,0.9140715698397752,9.3515625,0.9044920038225505,9.89030607893517,0.9140715698397752,9.3515625,0.9044920038225505,9.89030607893517,0.9140715698397752,9.3515625,0.9044920038225505,9.89030607893517,0.9140715698397752,9.3515625,0.8957753611327086,10.493619615154891,0.9044920038225505,9.89030607893517,0.9037243829706237,9.918829887659735,0.9140715698397752
4,LIVER,/kaggle/working/sabs_CT_normalized/image_24.nii.gz,2.128205128205128,1.609863519668579,1.609863519668579,5.0,0.9093256338006394,19.31836223602295,0.9093256338006394,19.31836223602295,0.9132489555742604,17.338760740817836,0.9077979572628717,17.828562543610932,0.912210154313708,16.638305533893593,0.9067779242824386,17.338760740817836,0.9067778728367164,24.703851771070923,0.9103737944769705,15.989302333886048,0.9048669233829385,23.297946909916966,0.9125353367153313,15.187422069739611,0.8996541128148113,67.39178911304789,0.9125353367153313,15.187422069739611,0.9034836931487241,74.02710020553175,0.9125353367153313,15.187422069739611,0.9017131872066945,80.0197670587501,0.9125353367153313,15.187422069739611,0.9017131872066945,80.0197670587501,0.9125353367153313,15.187422069739611,0.9017131872066945,80.0197670587501,0.9125353367153313,15.187422069739611,0.9017131872066945,80.0197670587501,0.9125353367153313,15.187422069739611,0.9017131872066945,80.0197670587501,0.9125353367153313,15.187422069739611,0.9017131872066945,80.0197670587501,0.9051448495577952,21.51721713607943,0.9125353367153313,15.187422069739611,0.9125353367153313,15.187422069739611,0.9132489555742604
4,LIVER,/kaggle/working/sabs_CT_normalized/image_26.nii.gz,3.235294117647059,1.23046875,1.23046875,5.0,0.9093493450941842,5.220436782978808,0.9093493450941842,5.220436782978808,0.9108249227844468,5.707036597362314,0.9143001521236781,5.502823538378388,0.9134248965839864,5.220436782978808,0.9156850393700787,5.502823538378388,0.9155794944682056,5.572810186872172,0.916326274115503,6.15234375,0.9158539339415043,5.149179871079138,0.9202144615207747,5.149179871079138,0.9153572759773838,5.073352625271731,0.9207200566677384,5.073352625271731,0.9138616251632146,6.15234375,0.9211251348182271,5.149179871079138,0.9157911892609255,6.15234375,0.9211251348182271,5.149179871079138,0.9157911892609255,6.15234375,0.9211251348182271,5.149179871079138,0.9157911892609255,6.15234375,0.9211251348182271,5.149179871079138,0.9157911892609255,6.15234375,0.9211251348182271,5.149179871079138,0.9157911892609255,6.15234375,0.9211251348182271,5.149179871079138,0.9157911892609255,6.15234375,0.9174211291482315,5.502823538378388,0.9211251348182271,5.149179871079138,0.9204895843132336,5.220436782978808,0.9158539339415043
4,LIVER,/kaggle/working/sabs_CT_normalized/image_27.nii.gz,2.604651162790698,1.7089835405349731,1.7089835405349731,5.0,0.9215151716647827,11.535298671786514,0.9215151716647827,11.535298671786514,0.926008262530205,15.380851864814758,0.9256273754688011,12.323655568645673,0.9275956326635963,15.414142112691323,0.9239140040144925,13.077891156106652,0.9229203843620203,17.060527091422973,0.9256156593293821,12.507122506071305,0.9201645988752616,21.13049617523719,0.9250095117710132,14.601561771016826,0.914335777591999,35.66043163449796,0.9236552195476747,15.8704910628062,0.9071470899083017,60.07833820168155,0.9236552195476747,15.8704910628062,0.9033467463714577,65.31218347537292,0.9236552195476747,15.8704910628062,0.9033467463714577,65.31218347537292,0.9236552195476747,15.8704910628062,0.9033467463714577,65.31218347537292,0.9236552195476747,15.8704910628062,0.9033467463714577,65.31218347537292,0.9236552195476747,15.8704910628062,0.9033467463714577,65.31218347537292,0.9236552195476747,15.8704910628062,0.9033467463714577,65.31218347537292,0.9266272705195185,16.413294459843467,0.9236552195476747,15.8704910628062,0.9250095117710132,14.601561771016826,0.9275956326635963
4,LIVER,/kaggle/working/sabs_CT_normalized/image_28.nii.gz,2.3076923076923075,1.7080000638961792,1.7080000638961792,5.0,0.923154748605707,11.457612745337522,0.923154748605707,11.457612745337522,0.9276163167376557,12.959396077564659,0.9272359735281536,10.802340891250104,0.9279070253548212,12.434428156062332,0.926989245957261,11.402697569334052,0.9287828995444277,10.821503531115056,0.9274774036582752,11.457612745337522,0.9254592977642404,10.802340891250104,0.9289812614470304,10.469033495495715,0.9177256962690489,12.316563617746889,0.9288571823540007,10.704500039298741,0.9219340425708614,13.90512333582911,0.9288571823540007,10.704500039298741,0.9219141100273245,20.49600076675415,0.9288571823540007,10.704500039298741,0.9219141100273245,20.49600076675415,0.9288571823540007,10.704500039298741,0.9219141100273245,20.49600076675415,0.9288571823540007,10.704500039298741,0.9219141100273245,20.49600076675415,0.9288571823540007,10.704500039298741,0.9219141100273245,20.49600076675415,0.9288571823540007,10.704500039298741,0.9219141100273245,20.49600076675415,0.9273224226416356,12.51344405497353,0.9288571823540007,10.704500039298741,0.9289812614470304,10.469033495495715,0.9287828995444277
4,LIVER,/kaggle/working/sabs_CT_normalized/image_29.nii.gz,2.4838709677419355,1.298828125,1.298828125,3.0,0.8600787785017291,13.58098920632314,0.8600787785017291,13.58098920632314,0.868310823319276,13.393371656434857,0.8538192427033241,14.287109375,0.8706716695508725,13.245499908356258,0.8568099579070015,14.366015603757104,0.877221114240186,14.287613353199227,0.8545478494601525,14.287109375,0.8715246200144144,17.083416760248685,0.861933699290728,14.306876731200203,0.8582624528495059,23.41495701351126,0.8634457285348759,14.30840179539548,0.8672286866791005,23.427023700272407,0.8634457285348759,14.30840179539548,0.8600387267347258,26.299713115371457,0.8634457285348759,14.30840179539548,0.8600387267347258,26.299713115371457,0.8634457285348759,14.30840179539548,0.8600387267347258,26.299713115371457,0.8634457285348759,14.30840179539548,0.8600387267347258,26.299713115371457,0.8634457285348759,14.30840179539548,0.8600387267347258,26.299713115371457,0.8634457285348759,14.30840179539548,0.8600387267347258,26.299713115371457,0.86757707761307,17.490360766049466,0.8634457285348759,14.30840179539548,0.861933699290728,14.306876731200203,0.877221114240186
