ep,organ,a_score,optimal_Np,oracle_dice,fob_10_dice,dice_0,dice_1,dice_2,dice_4,dice_6,dice_8,dice_10,dice_12,dice_16,dice_20,dice_24
0,spleen,0.6882117415191673,20,0.028980273552114837,0.026867545511613307,0.01597929163451726,0.015450891675290606,0.01577511855910755,0.016696574861512055,0.024932038834951455,0.025927870441419976,0.026867545511613307,0.026867545511613307,0.026867545511613307,0.028980273552114837,0.028980273552114837
1,rk,0.7143512123871594,0,0.8782011242973142,0.8759305210918115,0.8782011242973142,0.8760842627013631,0.875,0.875,0.8707482993197279,0.8707482993197279,0.8759305210918115,0.8759305210918115,0.8759305210918115,0.8759305210918115,0.8759305210918115
2,lk,0.7216530631821276,0,0.09887822366138545,0.07964972751409008,0.09887822366138545,0.06823351023502654,0.06823351023502654,0.06767452904859902,0.06685171429688416,0.07228610077781536,0.07964972751409008,0.07964972751409008,0.07964972751409008,0.07754047068426065,0.07754047068426065
3,liver,0.7826689476241718,4,0.4822409864629406,0.4010589382750453,0.45876765165280037,0.4448290783210731,0.4590749601275917,0.4822409864629406,0.48146661314063965,0.42991994264547734,0.4010589382750453,0.4010589382750453,0.4010589382750453,0.4010589382750453,0.4010589382750453
4,spleen,0.6356907146518044,10,0.048224786556110524,0.048224786556110524,0.04749327582446873,0.04744269358313364,0.047465672147821665,0.047518607413872524,0.0476225186481036,0.04793816954458739,0.048224786556110524,0.048224786556110524,0.048224786556110524,0.048224786556110524,0.048224786556110524
5,rk,0.6955908719077706,0,0.9315068493150684,0.04332462743893071,0.9315068493150684,0.9307065217391305,0.04398552533067133,0.051754514755542505,0.058953882175858174,0.050588404133180255,0.04332462743893071,0.04332462743893071,0.04332462743893071,0.04004657899968758,0.03725231175693527
6,lk,0.7775549698511526,8,0.06300323732049473,0.0575894381425699,0.053641471430085866,0.055143853530950304,0.05545205479452055,0.05582318979149046,0.05660799522673031,0.06300323732049473,0.0575894381425699,0.0575894381425699,0.0575894381425699,0.0575894381425699,0.0575894381425699
7,liver,0.7987998854187155,4,0.2153755868544601,0.17160642943417262,0.11522633744855967,0.11538821766413787,0.11538821766413787,0.2153755868544601,0.1485053037608486,0.16566454276227227,0.17160642943417262,0.17160642943417262,0.17160642943417262,0.17160642943417262,0.17160642943417262
8,spleen,0.7451481481362445,6,0.10579002657109313,0.0842934515017233,0.10180174823095677,0.08394625870354026,0.08394625870354026,0.10239234449760766,0.10579002657109313,0.1056073036826846,0.0842934515017233,0.0842934515017233,0.0842934515017233,0.0842934515017233,0.0842934515017233
9,rk,0.7354381218620076,0,0.04091995221027479,0.039457578303132124,0.04091995221027479,0.03982268730470169,0.03982847590667926,0.03982847590667926,0.03982847590667926,0.03975143264743574,0.039457578303132124,0.039457578303132124,0.039457578303132124,0.039457578303132124,0.039457578303132124
10,lk,0.6837905348345337,10,0.05136707751986486,0.05136707751986486,0.0,0.0,0.0,0.0,0.0,0.0,0.05136707751986486,0.05136707751986486,0.05136707751986486,0.05136707751986486,0.05136707751986486
11,liver,0.7552239637648785,6,0.12456704601682335,0.12409501216919806,0.11190754014557983,0.12129242072932037,0.12132164693834523,0.12389271653543307,0.12456704601682335,0.12453623546871136,0.12409501216919806,0.12409501216919806,0.12409501216919806,0.12409501216919806,0.12409501216919806
12,spleen,0.7520930898820652,4,0.08857567278128994,0.06546828720253293,0.0654549167772899,0.08221374290569788,0.08502735864699056,0.08857567278128994,0.08441152263374485,0.08341737970524124,0.06546828720253293,0.06546828720253293,0.06546828720253293,0.06546828720253293,0.06546828720253293
13,rk,0.7369446212066972,6,0.052744676694666925,0.052611067809820736,0.05193306405077899,0.05166640089299952,0.052029804727646456,0.052595694944969316,0.052744676694666925,0.05271206846061237,0.052611067809820736,0.052611067809820736,0.052611067809820736,0.052611067809820736,0.052611067809820736
14,lk,0.7332061976986424,8,0.045842382873099594,0.035579904277414885,0.043422357738510706,0.04013991238496281,0.04013991238496281,0.04508868968148007,0.04369201197649059,0.045842382873099594,0.035579904277414885,0.035579904277414885,0.035579904277414885,0.035579904277414885,0.035579904277414885
15,liver,0.8247718712429699,2,0.10214905634384902,0.07255381604696673,0.07245810328822005,0.07250061109753117,0.10214905634384902,0.09370655882724631,0.09381622647477464,0.10058328811720021,0.07255381604696673,0.07255381604696673,0.07255381604696673,0.07255381604696673,0.07255381604696673
16,spleen,0.7412072390986986,1,0.8165737051792828,0.1778035628967306,0.15712648531274503,0.8165737051792828,0.461347737536527,0.4417875010599508,0.48727544910179643,0.5272856130403969,0.1778035628967306,0.1778035628967306,0.1778035628967306,0.1778035628967306,0.1778035628967306
17,rk,0.7935363610452675,8,0.08134689114852475,0.0591252372682848,0.0016750418760469012,0.0016478989288656962,0.002160410477990818,0.0026301946344029457,0.08026315789473684,0.08134689114852475,0.0591252372682848,0.0591252372682848,0.0591252372682848,0.0591252372682848,0.05907036797934151
18,lk,0.7374370268588908,10,0.06504505725320144,0.06504505725320144,0.04512974802557353,0.04516371847948814,0.04536218872560601,0.0472859816766821,0.04823878197075524,0.0495023977723921,0.06504505725320144,0.06504505725320144,0.06504505725320144,0.06504505725320144,0.047151277013752456
19,liver,0.7191450285776175,6,0.5177381086882838,0.5177234853834204,0.5171246402979179,0.5173435691908216,0.5167164683993911,0.5173435691908216,0.5177381086882838,0.5175188458172167,0.5177234853834204,0.5177234853834204,0.5177234853834204,0.5177234853834204,0.5177234853834204
20,spleen,0.717633406801673,0,0.6870723802664747,0.07109624890956673,0.6870723802664747,0.6868905742145178,0.08029886284330227,0.08325175569270057,0.08164287503130478,0.06832949067281492,0.07109624890956673,0.07109624890956673,0.07109624890956673,0.06811296444614688,0.06811296444614688
21,rk,0.814645816896959,6,0.11663113006396589,0.05868154267017111,0.09678846323984783,0.09723580126211004,0.10404184498335711,0.11080725210169148,0.11663113006396589,0.05868154267017111,0.05868154267017111,0.05868154267017111,0.05868154267017111,0.11087420042643924,0.05477943017375194
22,lk,0.7466833832039432,0,0.05082426978589507,0.03537926765392124,0.05082426978589507,0.040376046081947614,0.038788827982250064,0.04242078218669712,0.040612189122711126,0.03819560467806195,0.03537926765392124,0.03537926765392124,0.03537926765392124,0.03537926765392124,0.03537926765392124
23,liver,0.8498622236382352,0,0.10293006464612543,0.09514947074560894,0.10293006464612543,0.09623529411764706,0.09623529411764706,0.09500580720092915,0.09489926137901698,0.09502052195461938,0.09514947074560894,0.09514947074560894,0.09514947074560894,0.09514947074560894,0.09514947074560894
24,spleen,0.5931993601706275,10,0.14068975725281233,0.14068975725281233,0.09801495230729569,0.10544415786116426,0.10614478349479327,0.10695397772026556,0.11714320926793197,0.12383558074392548,0.14068975725281233,0.14068975725281233,0.14068975725281233,0.14068975725281233,0.13514378132442328
25,rk,0.4357197040691972,0,0.9827705031013094,0.03595193167146688,0.9827705031013094,0.9820441988950276,0.9820441988950276,0.9784871616932685,0.9770992366412213,0.04309395553703759,0.03595193167146688,0.03595193167146688,0.03595193167146688,0.03595193167146688,0.03595193167146688
26,lk,0.7696757365601985,0,0.7713580246913581,0.05900769825776272,0.7713580246913581,0.09294499883963797,0.05917116052301101,0.05953398491211119,0.05993041786689611,0.06091254752851711,0.05900769825776272,0.05900769825776272,0.05900769825776272,0.05900769825776272,0.05900769825776272
27,liver,0.7045442616685842,4,0.44869029275808936,0.4196771714066103,0.4425980342486574,0.4461239914206925,0.4398348605377102,0.44869029275808936,0.41643626656497285,0.41851106639839036,0.4196771714066103,0.4196771714066103,0.4196771714066103,0.4196771714066103,0.385559184394033
28,spleen,0.6575151323986437,4,0.030029231995748074,0.011115482982490656,0.011089303238469086,0.011054317787179926,0.011065142353545986,0.030029231995748074,0.025990454832959576,0.02849397970119145,0.011115482982490656,0.011115482982490656,0.011115482982490656,0.011115482982490656,0.011115482982490656
29,rk,0.794896212885797,8,0.0760470242468773,0.06678855667885567,0.06556511640183708,0.06775038184595243,0.0693932282936641,0.07198330821838414,0.07498188843274571,0.0760470242468773,0.06678855667885567,0.06678855667885567,0.06678855667885567,0.06678855667885567,0.06421923474663908
30,lk,0.747927059715702,2,0.03231292517006803,0.03188420997430384,0.027943744829488006,0.030814454411839238,0.03231292517006803,0.030925737538148524,0.030202175748845064,0.0321497501520239,0.03188420997430384,0.03188420997430384,0.03188420997430384,0.03188420997430384,0.03188420997430384
31,liver,0.7717594578823063,6,0.06126084262701363,0.06095869297163995,0.0565889254542853,0.060145230582062885,0.06044396897566194,0.060956344160598,0.06126084262701363,0.06126084262701363,0.06095869297163995,0.06095869297163995,0.06095869297163995,0.06009496676163343,0.06009496676163343
32,spleen,0.7648429889553794,0,0.15746753246753248,0.029917495566350528,0.15746753246753248,0.030104356596966288,0.030104356596966288,0.03334765792866352,0.03256946193234282,0.03256946193234282,0.029917495566350528,0.029917495566350528,0.029917495566350528,0.029917495566350528,0.029917495566350528
33,rk,0.8147857347905811,4,0.039463886820551006,0.036647766560641684,0.037865256840751586,0.03846712149804035,0.03870308164159486,0.039463886820551006,0.039128829826504244,0.03950801341781588,0.036647766560641684,0.036647766560641684,0.036647766560641684,0.036647766560641684,0.036647766560641684
34,lk,0.7687983559656859,8,0.043468243606481834,0.04177121771217712,0.041800524352867324,0.04196944979979238,0.042157008788917025,0.04266063689466742,0.04291780406430088,0.043468243606481834,0.04177121771217712,0.04177121771217712,0.04177121771217712,0.04177121771217712,0.04177121771217712
35,liver,0.7453522615896315,20,0.4900919183478572,0.4894054537326777,0.48402687728397975,0.48402687728397975,0.48593153643598924,0.48838799845371555,0.48888227414793867,0.4889696031438864,0.4894054537326777,0.4894054537326777,0.4894054537326777,0.4900919183478572,0.4900919183478572
36,spleen,0.8109138589188414,24,0.13597635193879326,0.11974580813107726,0.07297499066815977,0.07276449241648832,0.07358268642672312,0.08908635224424698,0.08041131105398458,0.08886868572077959,0.11974580813107726,0.11974580813107726,0.11974580813107726,0.11974580813107726,0.13597635193879326
37,rk,0.7961330943066083,8,0.06208571241057951,0.05676227049081963,0.05322081575246132,0.05360836426486839,0.05360836426486839,0.05657725546484854,0.05840046917924499,0.06208571241057951,0.05676227049081963,0.05676227049081963,0.05676227049081963,0.05676227049081963,0.05597136348844777
38,lk,0.6969600564733665,6,0.02487251192630367,0.024492176110409176,0.02451679854715268,0.02459016393442623,0.024584566355565673,0.0245941637659,0.02487251192630367,0.024907749077490774,0.024492176110409176,0.024492176110409176,0.024492176110409176,0.024492176110409176,0.024492176110409176
39,liver,0.7296696174602376,10,0.31793553127008906,0.31793553127008906,0.3100576171000388,0.3099373321396598,0.3099373321396598,0.3114803262955854,0.31357748860239726,0.31505187162531095,0.31793553127008906,0.31793553127008906,0.31793553127008906,0.3150327590390682,0.3150327590390682
40,spleen,0.6995623694029249,10,0.13183577317852938,0.13183577317852938,0.09752606192624864,0.0994131641554322,0.10399522166179984,0.11876610580566925,0.1129084555247325,0.11946784584302214,0.13183577317852938,0.13183577317852938,0.12666720556139358,0.1221975279759816,0.1221975279759816
41,rk,0.7708061010906189,8,0.07281934864227713,0.034239264307414405,0.010645375914836993,0.033564069542820346,0.05917411664538101,0.05917411664538101,0.06616947000952078,0.07281934864227713,0.034239264307414405,0.034239264307414405,0.034239264307414405,0.034239264307414405,0.03411182461450366
42,lk,0.7656877025826159,2,0.05975578072226553,0.04533583008919332,0.05759719526701308,0.05922873881413764,0.05975578072226553,0.057381650346161044,0.05331787887568821,0.05541501023973015,0.04533583008919332,0.04533583008919332,0.04533583008919332,0.04533583008919332,0.04533583008919332
43,liver,0.6999189325200594,8,0.5807365439093485,0.3801847426798388,0.5733340504490937,0.5612298620617037,0.5720418567212235,0.5741678336744587,0.5802939575394666,0.5807365439093485,0.3801847426798388,0.3801847426798388,0.3801847426798388,0.3801847426798388,0.3801847426798388
44,spleen,0.7761394460026485,2,0.03653140005649186,0.035816486661128036,0.02737020316027088,0.034156432941590736,0.03653140005649186,0.03258313738663084,0.03341227125941873,0.03391608391608392,0.035816486661128036,0.035816486661128036,0.035816486661128036,0.035816486661128036,0.035816486661128036
45,rk,0.7527464737152254,8,0.06742294520547945,0.05235384551460506,0.0,0.0,0.0,0.0010551305724083356,0.06642766765078026,0.06742294520547945,0.05235384551460506,0.05235384551460506,0.05235384551460506,0.05235384551460506,0.05215015934770912
46,lk,0.6818706665038028,8,0.08583832499862615,0.055145631067961165,0.055411685409202174,0.055877513057165346,0.056984422312210424,0.060544982363657504,0.06362007168458782,0.08583832499862615,0.055145631067961165,0.055145631067961165,0.055145631067961165,0.055145631067961165,0.055145631067961165
47,liver,0.8195435602939652,10,0.6161920140927775,0.6161920140927775,0.44144167827755726,0.4427802974369792,0.4427802974369792,0.5080632961181205,0.5728420334356875,0.5870340583257571,0.6161920140927775,0.6161920140927775,0.6161920140927775,0.6161920140927775,0.5372064751423635
48,spleen,0.7207976850369897,10,0.07505763024435223,0.07505763024435223,0.06148965100468349,0.06634066829665852,0.06634066829665852,0.07237807317832215,0.07224638324309932,0.07366182525677571,0.07505763024435223,0.07505763024435223,0.07505763024435223,0.07505763024435223,0.07505763024435223
49,rk,0.7355265013193595,6,0.03796133567662566,0.0378464479133482,0.03253101125441551,0.037377296753083315,0.037543848560503114,0.037831985223871094,0.03796133567662566,0.037797079316598266,0.0378464479133482,0.0378464479133482,0.0378464479133482,0.0378464479133482,0.0378464479133482
50,lk,0.7781602626105395,0,0.8038223721191681,0.05581540380417836,0.8038223721191681,0.745057232049948,0.7243297926150734,0.7243297926150734,0.056251718584279374,0.05639571518588532,0.05581540380417836,0.05581540380417836,0.05581540380417836,0.05581540380417836,0.05581540380417836
51,liver,0.8298240862982389,4,0.3962363391970078,0.24435954732213652,0.3884496390512204,0.38853868194842406,0.38853868194842406,0.3962363391970078,0.2451990886405555,0.24718363775566007,0.24435954732213652,0.24435954732213652,0.24435954732213652,0.24427150886294854,0.24427150886294854
52,spleen,0.7585597434522722,8,0.08292129070065561,0.08157382719607985,0.08099019818272876,0.08103948169094749,0.0812080777646257,0.08175351171776261,0.08214506004861942,0.08292129070065561,0.08157382719607985,0.08157382719607985,0.08157382719607985,0.08157382719607985,0.08157382719607985
53,rk,0.7543872557143221,8,0.05361718904001577,0.049335691289167004,0.04928875600253692,0.048789237668161435,0.04915292523153377,0.05111580925534414,0.04935583378697151,0.05361718904001577,0.049335691289167004,0.049335691289167004,0.049335691289167004,0.049335691289167004,0.049335691289167004
54,lk,0.7885404740234607,4,0.0483219992259634,0.02190860551976537,0.039449334236064094,0.04323094425483504,0.04483430799220273,0.0483219992259634,0.024107684669277873,0.025290815440708374,0.02190860551976537,0.02190860551976537,0.02190860551976537,0.02190860551976537,0.02190860551976537
55,liver,0.7904343968137704,4,0.05963559915907498,0.054491899852724596,0.05281122005709321,0.0533274846471989,0.05348164906988436,0.05963559915907498,0.05489437187550395,0.05457752124418791,0.054491899852724596,0.054491899852724596,0.054491899852724596,0.054491899852724596,0.05416931890515595
56,spleen,0.7022945644150428,24,0.17635921017040843,0.11849805532332522,0.09483360484058645,0.12585414816816584,0.12085264133456905,0.12322346537647415,0.12002503589705828,0.11701363962670495,0.11849805532332522,0.11849805532332522,0.11849805532332522,0.14588087886517206,0.17635921017040843
57,rk,0.7632754903501515,4,0.07595078928150104,0.041694936162338866,0.04502914238134888,0.04167951168382761,0.04167951168382761,0.07595078928150104,0.041836860997648224,0.04187573561295918,0.041694936162338866,0.041694936162338866,0.041694936162338866,0.041694936162338866,0.041694936162338866
58,lk,0.7678932210994447,8,0.04089325083564469,0.03630738144850666,0.036127167630057806,0.03796131247111639,0.038049232398094227,0.038456393793472446,0.03924378924378925,0.04089325083564469,0.03630738144850666,0.03630738144850666,0.03630738144850666,0.03630738144850666,0.03630738144850666
59,liver,0.7110332601572159,4,0.25920409709701864,0.2559141449320228,0.2544437889552928,0.2557426074402537,0.2576355703303553,0.25920409709701864,0.25920409709701864,0.25609252375051633,0.2559141449320228,0.2559141449320228,0.2559141449320228,0.2559141449320228,0.2559141449320228
60,spleen,0.7734138053084794,2,0.10516312955337345,0.05233497536945813,0.051915559030492574,0.09671546136479499,0.10516312955337345,0.05552768021408262,0.05240312524662615,0.05128205128205128,0.05233497536945813,0.05233497536945813,0.05233497536945813,0.05233497536945813,0.05233497536945813
61,rk,0.790663188584503,6,0.05866577271203487,0.05075651375259825,0.050875790391743586,0.05069892083725647,0.05069892083725647,0.050863467919684165,0.05866577271203487,0.05866577271203487,0.05075651375259825,0.05075651375259825,0.05075651375259825,0.05075651375259825,0.05075651375259825
62,lk,0.8403570554303665,10,0.041754356427308695,0.041754356427308695,0.015342262365059235,0.023623547342350924,0.02369464481918502,0.019424319561386332,0.019424319561386332,0.02404032570763862,0.041754356427308695,0.041754356427308695,0.041754356427308695,0.041754356427308695,0.041754356427308695
63,liver,0.7557442091813327,4,0.43231983628124543,0.26607588673219223,0.41373762809079145,0.2675865188871296,0.26896144052382687,0.43231983628124543,0.2702147099132024,0.26877811605398283,0.26607588673219223,0.26607588673219223,0.26607588673219223,0.26607588673219223,0.26607588673219223
64,spleen,0.7589041089391115,6,0.22710172744721688,0.07726061745807868,0.17215690839250378,0.13703961084086172,0.1454062822592538,0.17383638928067702,0.22710172744721688,0.07737176636760744,0.07726061745807868,0.07726061745807868,0.07726061745807868,0.07726061745807868,0.07726061745807868
65,rk,0.7994072597309587,8,0.08068938503721113,0.07733893978074786,0.05296719119613288,0.06396323666397566,0.07143352520979264,0.07650597935081334,0.07961660354023344,0.08068938503721113,0.07733893978074786,0.07733893978074786,0.07733893978074786,0.07733893978074786,0.07733893978074786
66,lk,0.8033074021735884,8,0.07213800313643493,0.06679574056147145,0.03912180678489306,0.04965417982649022,0.05042426210872478,0.05554561717352415,0.057815845824411134,0.07213800313643493,0.06679574056147145,0.06679574056147145,0.06679574056147145,0.06679574056147145,0.06679574056147145
67,liver,0.8064227843425747,4,0.12135902043545489,0.10733690630197745,0.11380648195320767,0.11985637046514508,0.11471459608927513,0.12135902043545489,0.10726950354609929,0.10752369668246446,0.10733690630197745,0.10733690630197745,0.10733690630197745,0.10696132596685083,0.10696132596685083
68,spleen,0.71203360110878,2,0.07998265958599761,0.03965503344885952,0.06700562919920101,0.06987643800596506,0.07998265958599761,0.04608755386248673,0.04878693726449395,0.04783820574317755,0.03965503344885952,0.03965503344885952,0.03965503344885952,0.0395148984017348,0.0395148984017348
69,rk,0.6882827986883119,0,0.8628081457663451,0.05061490591198696,0.8628081457663451,0.8598726114649682,0.8598726114649682,0.8598726114649682,0.8293515358361775,0.8132942326490714,0.05061490591198696,0.05061490591198696,0.05061490591198696,0.05061490591198696,0.04779494067606895
70,lk,0.7389108664528329,4,0.06254587229154035,0.0618647812638091,0.06215316315205328,0.062092124437686115,0.06232907206003943,0.06254587229154035,0.06256583777572063,0.061999810204662636,0.0618647812638091,0.0618647812638091,0.0618647812638091,0.0618647812638091,0.0618647812638091
71,liver,0.8107053093266441,0,0.09251332468034575,0.07223563912368466,0.09251332468034575,0.08162171381234315,0.07611387544589099,0.07611387544589099,0.07611387544589099,0.07611387544589099,0.07223563912368466,0.07223563912368466,0.07223563912368466,0.07223563912368466,0.07223563912368466
72,spleen,0.7086364921355692,24,0.2801664355062413,0.07725321888412018,0.24083769633507854,0.16567199809023633,0.16567199809023633,0.10450718177315503,0.0712661106899166,0.11483489403647117,0.07725321888412018,0.07725321888412018,0.16752910737386806,0.16752910737386806,0.2801664355062413
73,rk,0.7807331365164041,8,0.14616389770393878,0.12745257013134426,0.06211474632527264,0.0625223720319771,0.0625223720319771,0.11459396413471351,0.12233463035019455,0.14616389770393878,0.12745257013134426,0.12745257013134426,0.12745257013134426,0.12745257013134426,0.12875747399459414
74,lk,0.7429180414833629,0,0.5058448459086079,0.04696024941543258,0.5058448459086079,0.5031802120141343,0.5031802120141343,0.047156274458648575,0.056891057166463394,0.04696177454450976,0.04696024941543258,0.04696024941543258,0.04696024941543258,0.04696024941543258,0.04696024941543258
75,liver,0.7608476133490387,4,0.8684232538686742,0.3972548421534238,0.8680327177670967,0.5103394153423583,0.5169299327577289,0.8684232538686742,0.48490953180376795,0.4527527562341321,0.3972548421534238,0.3972548421534238,0.3972548421534238,0.3972548421534238,0.3972548421534238
76,spleen,0.655746732756852,0,0.1858440575321726,0.03916251246261216,0.1858440575321726,0.14082891151584684,0.09220657276995305,0.08282726045883941,0.07187820231298492,0.09349709606779015,0.03916251246261216,0.03916251246261216,0.03916251246261216,0.03916251246261216,0.03932719263115739
77,rk,0.7861658026986309,8,0.06125470620584627,0.059063468755098714,0.05902494700798956,0.05201709954377268,0.05799655545319822,0.05908274849028888,0.06067208581245286,0.06125470620584627,0.059063468755098714,0.059063468755098714,0.059063468755098714,0.059063468755098714,0.05866385771583681
78,lk,0.7416928780621925,4,0.08725617685305592,0.050095188323565645,0.08342139615838876,0.07998092854162941,0.07998092854162941,0.08725617685305592,0.08152603122532046,0.07317738153661596,0.050095188323565645,0.050095188323565645,0.050095188323565645,0.050095188323565645,0.050095188323565645
79,liver,0.7983472431468706,4,0.5545013829818874,0.47148673595832385,0.46760803591582856,0.46949208028002315,0.47713371721049264,0.5545013829818874,0.48762881205210024,0.4771947786025083,0.47148673595832385,0.47148673595832385,0.47148673595832385,0.47148673595832385,0.5172710373720278
80,spleen,0.6996150054697483,16,0.17847286108555657,0.09607765451664026,0.03897304029892724,0.07646826960977532,0.07646826960977532,0.09029135250861026,0.08840685380969741,0.09607765451664026,0.09607765451664026,0.09607765451664026,0.17847286108555657,0.17847286108555657,0.17847286108555657
81,rk,0.755365915864193,8,0.060791845176540106,0.05979149260779541,0.059702575262966996,0.06009931356798598,0.06014762844405467,0.05899853041327646,0.059140557631503304,0.060791845176540106,0.05979149260779541,0.05979149260779541,0.05979149260779541,0.05979149260779541,0.05979149260779541
82,lk,0.7625251033913929,4,0.02670971529204579,0.02505592841163311,0.02472490150794729,0.025288314575517577,0.026223839198876123,0.02670971529204579,0.025526841754619726,0.02621534029528268,0.02505592841163311,0.02505592841163311,0.02505592841163311,0.02505592841163311,0.02505592841163311
83,liver,0.6814230378286604,8,0.47485207100591714,0.47234181699275163,0.46209213051823417,0.46262243454589125,0.46262243454589125,0.4631168345400625,0.4645441389290883,0.47485207100591714,0.47234181699275163,0.47234181699275163,0.47234181699275163,0.47234181699275163,0.47234181699275163
84,spleen,0.725297158259278,20,0.07693696947805671,0.038042507590641185,0.026485948768962944,0.02872265111418265,0.02974444909928781,0.030640868877220742,0.03197118090735112,0.032239754796231125,0.038042507590641185,0.038042507590641185,0.038042507590641185,0.07693696947805671,0.07693696947805671
85,rk,0.7758132110189293,10,0.15390757560634793,0.15390757560634793,0.0713791033750404,0.07185016498582517,0.11973358116480794,0.14572532755207843,0.12991596638655462,0.13308082981836963,0.15390757560634793,0.15390757560634793,0.15390757560634793,0.14849678224954374,0.14849678224954374
86,lk,0.7166667475405604,2,0.06000077121813905,0.05693585568443778,0.057775137383038765,0.05790198340341607,0.06000077121813905,0.05692752350638423,0.057115589325698345,0.058042375410325274,0.05693585568443778,0.05693585568443778,0.05693585568443778,0.05693585568443778,0.05693585568443778
87,liver,0.8130715941734927,10,0.4738230982244665,0.4738230982244665,0.43078016705171496,0.4039326778870188,0.43621966947602053,0.4389846367450424,0.44546540475971697,0.46294881588999237,0.4738230982244665,0.4738230982244665,0.4738230982244665,0.4738230982244665,0.4474663877180568
88,spleen,0.7137504706036684,10,0.11324812584490598,0.11324812584490598,0.08761171325347024,0.08747656453947837,0.08744751014210814,0.08749732950364375,0.09123084919436676,0.10355386992555134,0.11324812584490598,0.11324812584490598,0.11324812584490598,0.11324812584490598,0.11324812584490598
89,rk,0.6930609454516078,1,0.8926802421574023,0.04534365719134493,0.8546301086394206,0.8926802421574023,0.8899944720840243,0.8373253493013972,0.0893784421715185,0.07878311526191686,0.04534365719134493,0.04534365719134493,0.04534365719134493,0.04534365719134493,0.04534365719134493
90,lk,0.7275636427939309,0,0.6955110870740941,0.03309656559484712,0.6955110870740941,0.032520325203252036,0.032520325203252036,0.03291722583749019,0.03419073168165799,0.03419073168165799,0.03309656559484712,0.03309656559484712,0.03309656559484712,0.03309656559484712,0.03309656559484712
91,liver,0.6958462833889938,2,0.9756340129288911,0.9510658914728682,0.9718100890207715,0.9637076998528691,0.9756340129288911,0.9209105843698663,0.9392925430210325,0.923836389280677,0.9510658914728682,0.9510658914728682,0.9510658914728682,0.9510658914728682,0.9042797975149562
92,spleen,0.6502879724901988,8,0.047556655505410786,0.04746797122859703,0.04737618138309444,0.04733842140855956,0.04738992722261177,0.047369311453222804,0.047369311453222804,0.047556655505410786,0.04746797122859703,0.04746797122859703,0.04746797122859703,0.04746797122859703,0.04746797122859703
93,rk,0.6791426675404313,0,0.02100132602229151,0.020705250512331283,0.02100132602229151,0.012263005901310008,0.012263005901310008,0.012263005901310008,0.015149556629869962,0.02081113715462746,0.020705250512331283,0.020705250512331283,0.020705250512331283,0.020705250512331283,0.020705250512331283
94,lk,0.806707891861158,1,0.06151748817790653,0.03384110616358097,0.06103643587792713,0.06151748817790653,0.06151748817790653,0.03275044793722075,0.03700002562328644,0.052839578454332556,0.03384110616358097,0.03384110616358097,0.03384110616358097,0.033950907551960875,0.033950907551960875
95,liver,0.7416623754972238,0,0.9716981132075472,0.2645747541095191,0.9716981132075472,0.9676437000380662,0.9675044427519675,0.34046470846120125,0.34191645759056294,0.3388721706136334,0.2645747541095191,0.2645747541095191,0.2645747541095191,0.2645747541095191,0.2645747541095191
96,spleen,0.7484747193769927,8,0.035666181778998975,0.03250276175279244,0.033076846207654644,0.033881823067277425,0.03329226281777264,0.032978802899344906,0.03366729390225296,0.035666181778998975,0.03250276175279244,0.03250276175279244,0.03250276175279244,0.03250276175279244,0.03250276175279244
97,rk,0.849747934389482,0,0.13636851712659723,0.050791873300271954,0.13636851712659723,0.09817563388991961,0.1047768335945879,0.104750907291323,0.1081587463805144,0.10433782451528097,0.050791873300271954,0.050791873300271954,0.050791873300271954,0.050791873300271954,0.04992923415631389
98,lk,0.754358350720621,0,0.05352733976363696,0.051799936285441224,0.05352733976363696,0.05356260500049412,0.05356260500049412,0.051607579268099155,0.05166661370785803,0.05166661370785803,0.051799936285441224,0.051799936285441224,0.051799936285441224,0.051799936285441224,0.051799936285441224
99,liver,0.7380247804010972,8,0.49327354260089684,0.49327354260089684,0.21194259354177344,0.21493080371645767,0.2221625251846877,0.3742081447963801,0.4649363438137441,0.49327354260089684,0.49327354260089684,0.49327354260089684,0.49327354260089684,0.49327354260089684,0.49327354260089684
100,spleen,0.7032649740844802,8,0.015122873345935728,0.015122873345935728,0.01396480183144942,0.011948776964325065,0.011948776964325065,0.013322777034590078,0.01421911421911422,0.015122873345935728,0.015122873345935728,0.015122873345935728,0.015122873345935728,0.015122873345935728,0.015122873345935728
101,rk,0.7346898326446432,1,0.029305263157894737,0.02306239438019815,0.025776823080626645,0.029305263157894737,0.029305263157894737,0.029305263157894737,0.022827905146118273,0.022980156502789974,0.02306239438019815,0.02306239438019815,0.02306239438019815,0.02306239438019815,0.02306239438019815
102,lk,0.6916730675207038,6,0.0262146323019724,0.014950046718895996,0.014849187935034803,0.019781264859724205,0.0231935771632471,0.025645767831822947,0.0262146323019724,0.01619181068036743,0.014950046718895996,0.014950046718895996,0.014950046718895996,0.014950046718895996,0.014950046718895996
103,liver,0.7328768629253493,8,0.37759562841530053,0.30094949276147154,0.2589981677587653,0.26931025574786877,0.26931025574786877,0.2947606749920402,0.356484063317747,0.37759562841530053,0.30094949276147154,0.30094949276147154,0.30094949276147154,0.2782411423233469,0.2782411423233469
104,spleen,0.7297016871480315,10,0.24954351795496044,0.24954351795496044,0.04414931801866475,0.07756826638077821,0.08691351045788581,0.10740482011875654,0.12777893205900687,0.16545601291364004,0.24954351795496044,0.24954351795496044,0.24954351795496044,0.24954351795496044,0.24954351795496044
105,rk,0.78254532938412,8,0.03982157339821574,0.035056404398115096,0.0322421774961421,0.032319641916798314,0.0324413610835811,0.032787979966611015,0.03513291116596902,0.03982157339821574,0.035056404398115096,0.035056404398115096,0.035056404398115096,0.035056404398115096,0.034329662646390494
106,lk,0.7607310191410785,0,0.04795269010734717,0.047148048664875965,0.04795269010734717,0.043923692887423454,0.047484166640145126,0.047928043687761004,0.047777635455360574,0.04752046373857375,0.047148048664875965,0.047148048664875965,0.047148048664875965,0.047148048664875965,0.047148048664875965
107,liver,0.8070043663471322,4,0.24920378264491155,0.1957584388591663,0.15423805913570887,0.15423805913570887,0.23516900171082444,0.24920378264491155,0.24429607570008166,0.21577362012642654,0.1957584388591663,0.1957584388591663,0.1957584388591663,0.1957584388591663,0.1957584388591663
108,spleen,0.8270676682639517,8,0.10206453755465766,0.09769536423841059,0.07346320863710609,0.07301524450603841,0.07285945711011893,0.10099129196560601,0.10075401595454049,0.10206453755465766,0.09769536423841059,0.09769536423841059,0.09769536423841059,0.09769536423841059,0.09792883696229421
109,rk,0.7588735304486616,4,0.07883089133089133,0.06710188703757836,0.0666215213956338,0.06704744596611929,0.07453640233783101,0.07883089133089133,0.07633474967670423,0.07275160222550883,0.06710188703757836,0.06710188703757836,0.06710188703757836,0.06710188703757836,0.06710188703757836
110,lk,0.7878088310101523,6,0.05337412884582696,0.048216822142884565,0.048552321311221926,0.04819277108433735,0.04834860266379244,0.04861057357380602,0.05337412884582696,0.049026113431437604,0.048216822142884565,0.048216822142884565,0.048216822142884565,0.048216822142884565,0.048216822142884565
111,liver,0.7062697785638453,10,0.18719649104485406,0.18719649104485406,0.15810712474365476,0.15708182714426552,0.15708182714426552,0.17188473893656805,0.18074567042274825,0.18574648325172924,0.18719649104485406,0.18719649104485406,0.18719649104485406,0.18509435423496914,0.18509435423496914
112,spleen,0.7147232194278481,10,0.12992610837438423,0.12992610837438423,0.06938221875128447,0.06750109969208622,0.0673395300594407,0.0668647256882551,0.10340602793432982,0.09346622369878184,0.12992610837438423,0.12992610837438423,0.12992610837438423,0.12992610837438423,0.12992610837438423
113,rk,0.7360717373756451,1,0.11787606791391803,0.04076147816349384,0.03516228748068006,0.11787606791391803,0.058125299409165915,0.05240426144543622,0.05174864941711686,0.04587078887675376,0.04076147816349384,0.04076147816349384,0.04076147816349384,0.04076147816349384,0.04076147816349384
114,lk,0.8149789826130713,1,0.10925078294386895,0.08344833931364432,0.07626655455118772,0.10925078294386895,0.09937547934699244,0.09853875821608996,0.09113745980707395,0.09603981363828885,0.08344833931364432,0.08344833931364432,0.08344833931364432,0.08344833931364432,0.08344833931364432
115,liver,0.8033665160883356,6,0.18221820610537068,0.17200074170220656,0.17262170611880304,0.17184142274916636,0.17150464075731242,0.17150464075731242,0.18221820610537068,0.18062154373393566,0.17200074170220656,0.17200074170220656,0.17200074170220656,0.17200074170220656,0.17189874356028317
116,spleen,0.5692387304498134,0,0.7801893663510561,0.1951007707059377,0.7801893663510561,0.18575168802535483,0.21815827803851756,0.19155890294159442,0.18526026455935407,0.19514313633238028,0.1951007707059377,0.1951007707059377,0.1951007707059377,0.18117062025401517,0.18117062025401517
117,rk,0.7653300232816924,4,0.015292275574112734,0.01519551913701898,0.01506426735218509,0.015044156911070035,0.015178201409034397,0.015292275574112734,0.015286690666249282,0.015275533079610031,0.01519551913701898,0.01519551913701898,0.01519551913701898,0.01519551913701898,0.01519551913701898
118,lk,0.7346154785727881,2,0.05514673286638887,0.02676419965576592,0.02530203799373551,0.05410577592205985,0.05514673286638887,0.05248945147679325,0.0471140736252083,0.04770670348212916,0.02676419965576592,0.02676419965576592,0.02676419965576592,0.02676419965576592,0.02676419965576592
119,liver,0.7513454548565712,4,0.3545424826889358,0.3474386230596732,0.3354044252017206,0.34313161527841696,0.3479757321199393,0.3545424826889358,0.34973030018761725,0.34772217202483313,0.3474386230596732,0.3474386230596732,0.3474386230596732,0.3474386230596732,0.3474386230596732
120,spleen,0.7723186891563001,2,0.11317704122877931,0.035978618421052634,0.03553028957186001,0.035680607589774954,0.11317704122877931,0.06554000280885726,0.03818355379789991,0.03587168186942708,0.035978618421052634,0.035978618421052634,0.035978618421052634,0.03768506056527591,0.03768506056527591
121,rk,0.6712614579879446,8,0.021572538316187276,0.019818690326936058,0.020688613711869527,0.0206631306402554,0.0206631306402554,0.0,0.0,0.021572538316187276,0.019818690326936058,0.019818690326936058,0.019818690326936058,0.019818690326936058,0.01818181818181818
122,lk,0.7253756259839479,10,0.08093311116400857,0.08093311116400857,0.05228356143318468,0.0570836947701262,0.0570836947701262,0.05833238018986618,0.0661714619351909,0.07365684575389948,0.08093311116400857,0.08093311116400857,0.08093311116400857,0.0741575484386928,0.0741575484386928
123,liver,0.6829979568825537,4,0.27942068036375883,0.2690449164910005,0.22453785151703792,0.2675697468150298,0.2690100197801485,0.27942068036375883,0.26927196598396574,0.2689925748192341,0.2690449164910005,0.2690449164910005,0.2690449164910005,0.26745760526146106,0.26745760526146106
124,spleen,0.4730750143527985,4,0.054193690227547546,0.03838816429822854,0.038511111979064955,0.03849457328023737,0.04112788854592475,0.054193690227547546,0.05335786568537258,0.03869549860680507,0.03838816429822854,0.03838816429822854,0.03838816429822854,0.03838816429822854,0.03838816429822854
125,rk,0.8059603936864237,4,0.41676942046855736,0.07386363636363637,0.06113884668258447,0.06130740767612276,0.061886626629559106,0.41676942046855736,0.3539267015706806,0.3539267015706806,0.07386363636363637,0.07386363636363637,0.07386363636363637,0.07386363636363637,0.07386363636363637
126,lk,0.7427389421199384,4,0.10116911679592545,0.06776769791424363,0.07376564917709945,0.07579787234042554,0.07807056721750781,0.10116911679592545,0.10047516860821581,0.06426628103629992,0.06776769791424363,0.06776769791424363,0.06776769791424363,0.06776769791424363,0.06776769791424363
127,liver,0.7126283038906507,6,0.6416500994035785,0.5482151920148874,0.4191159827982022,0.42684493035202686,0.4902605998714021,0.6060208811273936,0.6416500994035785,0.5358855630891352,0.5482151920148874,0.5482151920148874,0.5482151920148874,0.5482151920148874,0.5482151920148874
128,spleen,0.7079038478077657,2,0.1305515389382359,0.0802471748423414,0.07315943818490508,0.08381592325715044,0.1305515389382359,0.08534773801485483,0.07619660008841378,0.07417259995305532,0.0802471748423414,0.0802471748423414,0.0802471748423414,0.0802471748423414,0.0802471748423414
129,rk,0.709292698062469,1,0.8963623884694578,0.04610648569229693,0.8491909385113269,0.8963623884694578,0.8906992532247114,0.054763784435118625,0.05515798284159866,0.0485451197053407,0.04610648569229693,0.04610648569229693,0.04610648569229693,0.04610648569229693,0.04327696601543261
130,lk,0.7118320068077173,10,0.08353398777551399,0.08353398777551399,0.04438211922159077,0.04444772956858107,0.044524520571611916,0.045222099669106584,0.06768468840280643,0.07546222705596921,0.08353398777551399,0.08353398777551399,0.08353398777551399,0.08353398777551399,0.08353398777551399
131,liver,0.7496640209547489,8,0.23366128982512413,0.23366128982512413,0.1785192516141194,0.17800751879699248,0.17800751879699248,0.19611700750711883,0.21406572292390721,0.23366128982512413,0.23366128982512413,0.23366128982512413,0.23366128982512413,0.21569297346543673,0.21569297346543673
132,spleen,0.6547430169920478,2,0.08364394465853812,0.03311324529811925,0.03328724072910119,0.032784449671907884,0.08364394465853812,0.03276497809893836,0.03276497809893836,0.03291567223548131,0.03311324529811925,0.03311324529811925,0.03311324529811925,0.03311324529811925,0.03311324529811925
133,rk,0.7302459862634039,4,0.8138888888888889,0.04602316602316602,0.813324080499653,0.813324080499653,0.813324080499653,0.8138888888888889,0.8082191780821918,0.06611570247933884,0.04602316602316602,0.04602316602316602,0.04602316602316602,0.04602316602316602,0.04602316602316602
134,lk,0.7256805934446178,1,0.03717976384992447,0.03422927369227713,0.031714308254661164,0.03717976384992447,0.03613266620726848,0.03537071797278273,0.0351890756302521,0.036153246597517834,0.03422927369227713,0.03422927369227713,0.03422927369227713,0.03422927369227713,0.03422927369227713
135,liver,0.825813351989956,10,0.11300376473492563,0.11300376473492563,0.07431308088802305,0.105299479541076,0.10913425718968857,0.11170082967301123,0.1125833922587389,0.11278450214050324,0.11300376473492563,0.11300376473492563,0.11300376473492563,0.11300376473492563,0.11300376473492563
136,spleen,0.6478126662463033,4,0.09270774448841153,0.06730885299727192,0.06703050994157671,0.06714512788401329,0.06712734452122408,0.09270774448841153,0.06724391596922409,0.06730885299727192,0.06730885299727192,0.06730885299727192,0.06730885299727192,0.06730885299727192,0.06730885299727192
137,rk,0.7056010451005004,4,0.678671468587435,0.06952956120607047,0.06946299759551162,0.06953420993982616,0.06962576153176675,0.678671468587435,0.06965529558849795,0.06965529558849795,0.06952956120607047,0.06952956120607047,0.06952956120607047,0.06952956120607047,0.06952956120607047
138,lk,0.7209706782850009,8,0.0590746115758921,0.05876109200526472,0.058621712058960565,0.05886856656741812,0.05886856656741812,0.058853546521517267,0.058853546521517267,0.0590746115758921,0.05876109200526472,0.05876109200526472,0.05876109200526472,0.05876109200526472,0.05876109200526472
139,liver,0.8273139509602665,8,0.03154695866094255,0.028860156215524468,0.0288334362049202,0.0291067693266278,0.028920137967630672,0.02904988229023231,0.02915477888730385,0.03154695866094255,0.028860156215524468,0.028860156215524468,0.028860156215524468,0.028781410905250188,0.028781410905250188
140,spleen,0.7439349501573803,6,0.08178975222516238,0.07835229727783379,0.07779875293175448,0.07819462411959177,0.07930491573852702,0.07988721804511278,0.08178975222516238,0.08031891333234903,0.07835229727783379,0.07835229727783379,0.07835229727783379,0.07835229727783379,0.07835229727783379
141,rk,0.7872123195588527,6,0.011833972875596824,0.010064522557983109,0.00989662436921268,0.009887178483150192,0.011244711645513248,0.011676300578034681,0.011833972875596824,0.010003466547813599,0.010064522557983109,0.010064522557983109,0.010064522557983109,0.010064522557983109,0.009962762940494686
142,lk,0.7195724874149938,1,0.9214195183776933,0.10308424756779135,0.9206349206349206,0.9214195183776933,0.9215189873417722,0.9169859514687101,0.9145028499050032,0.09353869271224644,0.10308424756779135,0.10308424756779135,0.10308424756779135,0.10308424756779135,0.10308424756779135
143,liver,0.5907579694447573,2,0.780943484353106,0.7380952380952381,0.7716016859852476,0.7769965508092332,0.780943484353106,0.7414109459031952,0.7377699427060379,0.7391660884375197,0.7380952380952381,0.7380952380952381,0.7390728476821192,0.7390728476821192,0.7392593527222258
144,spleen,0.711467529082563,6,0.09143421752679182,0.08965568639141452,0.08946566020897631,0.08988008517314805,0.09038996168006612,0.09044432749417337,0.09143421752679182,0.09145159451138393,0.08965568639141452,0.08965568639141452,0.08965568639141452,0.08965568639141452,0.08965568639141452
145,rk,0.7391546329288656,4,0.06060064354665713,0.056855345911949684,0.043681345230808875,0.055926750804256374,0.058305026443651375,0.06060064354665713,0.05811262535356133,0.05811262535356133,0.056855345911949684,0.056855345911949684,0.056855345911949684,0.056855345911949684,0.056855345911949684
146,lk,0.7724820670159107,4,0.04198287265891527,0.03599462766751231,0.0,0.0,0.0,0.04198287265891527,0.04137079345476999,0.040984163664786244,0.03599462766751231,0.03599462766751231,0.03599462766751231,0.03599462766751231,0.03599462766751231
147,liver,0.7997048680260517,4,0.09241597388687714,0.0731839258114374,0.05818919168023595,0.08178228990411732,0.08178228990411732,0.09241597388687714,0.0796276708271631,0.07884111060233942,0.0731839258114374,0.0731839258114374,0.0731839258114374,0.0731839258114374,0.0731839258114374
148,spleen,0.7494975367772594,6,0.39575874414761775,0.23346872461413484,0.37741300065659883,0.34597327555074037,0.3617369414726243,0.38152130625248903,0.39575874414761775,0.2055941054438801,0.23346872461413484,0.23346872461413484,0.23346872461413484,0.17818835637671276,0.17818835637671276
149,rk,0.7040102203693119,1,0.9639575971731449,0.05285169695399534,0.961864406779661,0.9639575971731449,0.9638041163946061,0.9623312011371713,0.9554317548746518,0.05325576191541732,0.05285169695399534,0.05285169695399534,0.05285169695399534,0.05285169695399534,0.05285169695399534
150,lk,0.763235416036335,1,0.9519602429596907,0.0688098820175786,0.9504950495049505,0.9519602429596907,0.9519602429596907,0.0683471626882693,0.06829076620825147,0.06842519685039371,0.0688098820175786,0.0688098820175786,0.0688098820175786,0.0688098820175786,0.0688098820175786
151,liver,0.7216384187810277,4,0.5641455019071542,0.4697983110812695,0.46098877429490914,0.46421189619536096,0.46421189619536096,0.5641455019071542,0.524839882291847,0.48606620888663266,0.4697983110812695,0.4697983110812695,0.4697983110812695,0.4697983110812695,0.46421189619536096
152,spleen,0.801296448598813,10,0.2536051715564396,0.2536051715564396,0.02202767579779723,0.08449931412894376,0.19670442842430483,0.18995859213250518,0.18086500655307994,0.22318692543411645,0.2536051715564396,0.2536051715564396,0.2536051715564396,0.2536051715564396,0.2536051715564396
153,rk,0.7533835322106295,6,0.058421137947803535,0.058445770627919044,0.05651028600100351,0.057337406134656994,0.057337406134656994,0.057337406134656994,0.058421137947803535,0.057697233606557374,0.058445770627919044,0.058445770627919044,0.058445770627919044,0.058445770627919044,0.058445770627919044
154,lk,0.746437553801798,10,0.04551237427686694,0.04551237427686694,0.04290660571635475,0.0424436435271205,0.04254650719206517,0.04254841677700231,0.042518837459634015,0.043883809744242566,0.04551237427686694,0.04551237427686694,0.04551237427686694,0.04551237427686694,0.04551237427686694
155,liver,0.7597101695738744,0,0.9208484221417486,0.16189019481564965,0.9208484221417486,0.9078376308399285,0.8773747841105354,0.8666829149402876,0.16307168342523515,0.16522882261112481,0.16189019481564965,0.16189019481564965,0.16189019481564965,0.16181854757594044,0.16181854757594044
156,spleen,0.6838659144744815,0,0.9527065527065527,0.9196035242290749,0.9527065527065527,0.9526525955504849,0.9510807736063709,0.9468325791855203,0.14546702118535038,0.16624191335032346,0.9196035242290749,0.9196035242290749,0.9196035242290749,0.9196035242290749,0.13011123897199847
157,rk,0.7357783291835933,2,0.8401714635639926,0.05761865112406328,0.8087110064743968,0.8125369603784742,0.8401714635639926,0.8365853658536585,0.83811850946854,0.8342440801457195,0.05761865112406328,0.05761865112406328,0.05761865112406328,0.056027851995789815,0.05562700964630225
158,lk,0.7499940067751476,8,0.02011212957194981,0.01910155094451253,0.014784286788996827,0.016672199476227362,0.017267726161369193,0.01893035138417724,0.01821625760689961,0.02011212957194981,0.01910155094451253,0.01910155094451253,0.01910155094451253,0.015329308824526895,0.015109981948251654
159,liver,0.656180676595809,10,0.6298698545932426,0.6298698545932426,0.45218869528261796,0.4540494406681501,0.48006708811766224,0.5899349103032228,0.6254787256428601,0.6215289394446303,0.6298698545932426,0.6298698545932426,0.6025854034120841,0.6025854034120841,0.6025854034120841
160,spleen,0.7393564877404577,0,0.190428262291782,0.10584615384615384,0.190428262291782,0.12999862580733818,0.12986478138513283,0.12536443148688048,0.13936871570107914,0.14308402026771536,0.10584615384615384,0.10584615384615384,0.10584615384615384,0.10584615384615384,0.10584615384615384
161,rk,0.7633225990145331,8,0.0784096713774902,0.048568264515108366,0.045591802386020494,0.04667545104398946,0.048477511382477564,0.05315863900031745,0.05207655989369823,0.0784096713774902,0.048568264515108366,0.048568264515108366,0.048568264515108366,0.048568264515108366,0.048568264515108366
162,lk,0.7399987517032116,0,0.7339593114241002,0.03144237770569935,0.7339593114241002,0.7254447022428461,0.7254447022428461,0.03419726421886249,0.034486513957962754,0.03160135719513006,0.03144237770569935,0.03144237770569935,0.03144237770569935,0.03144237770569935,0.03144237770569935
163,liver,0.7205959997291065,2,0.8639020825721593,0.7670611120116713,0.8523822390344952,0.8593480432216472,0.8639020825721593,0.843644143341059,0.773013150371641,0.7414022718370544,0.7670611120116713,0.7670611120116713,0.7670611120116713,0.7670611120116713,0.7670611120116713
164,spleen,0.8099278578650773,6,0.13593032835118277,0.1226244824291326,0.11085782843431313,0.11957759602443317,0.12610891224239115,0.12862273448592668,0.13593032835118277,0.13593032835118277,0.1226244824291326,0.1226244824291326,0.1226244824291326,0.1226244824291326,0.1133325156384153
165,rk,0.7973051071577035,8,0.06468214515468741,0.05410958904109589,0.05394727215081823,0.05369583687340697,0.05369583687340697,0.054028968515668886,0.06326326326326326,0.06468214515468741,0.05410958904109589,0.05410958904109589,0.05410958904109589,0.05410958904109589,0.05410958904109589
166,lk,0.7629587092302179,0,0.7957719894299736,0.06891380884078759,0.7957719894299736,0.0682287632326362,0.0682287632326362,0.09723116548615583,0.1106574539363484,0.16518205969682762,0.06891380884078759,0.06891380884078759,0.06891380884078759,0.06891380884078759,0.06891380884078759
167,liver,0.8366459450373431,10,0.37842249758848406,0.37842249758848406,0.11368692711577823,0.12429763323684659,0.15001468428781203,0.26872783101275877,0.28666779795237285,0.35826356152817845,0.37842249758848406,0.37842249758848406,0.37842249758848406,0.37500928608572914,0.37500928608572914
168,spleen,0.7497738880622584,20,0.0694134679344211,0.06890123121140328,0.0,0.0,0.0,0.0025176233635448137,0.0025075225677031092,0.0005011275369581559,0.06890123121140328,0.06890123121140328,0.06890123121140328,0.0694134679344211,0.0694134679344211
169,rk,0.7620531053492341,4,0.14339268978444236,0.10330470010127912,0.10257747318235995,0.10452802975670854,0.10452802975670854,0.14339268978444236,0.13614118344950318,0.1042549969715324,0.10330470010127912,0.10330470010127912,0.10330470010127912,0.10330470010127912,0.1032195195082643
170,lk,0.7663348510299199,8,0.0888919706004715,0.03187607060400685,0.03161704956785107,0.03182708276528766,0.032184484271211934,0.03221516922999724,0.03280782890870532,0.0888919706004715,0.03187607060400685,0.03187607060400685,0.03187607060400685,0.03187607060400685,0.03187607060400685
171,liver,0.7957687495500347,4,0.9415944925605152,0.9278681016716281,0.3177162780562214,0.9371554575523704,0.9371554575523704,0.9415944925605152,0.9341208541572013,0.9267399267399268,0.9278681016716281,0.9278681016716281,0.9278681016716281,0.9346892655367232,0.9346892655367232
172,spleen,0.6953740835472177,8,0.38013136288998356,0.23942083943807635,0.12182607551637942,0.11832857690505601,0.184891846921797,0.28165872452600627,0.26955171744614786,0.38013136288998356,0.23942083943807635,0.23942083943807635,0.23942083943807635,0.21747299201503054,0.21747299201503054
173,rk,0.695238892869813,8,0.033019572687882866,0.03291792860334641,0.03289669544507294,0.03279418311322155,0.03279418311322155,0.03287711990479024,0.03289343123635642,0.033019572687882866,0.03291792860334641,0.03291792860334641,0.03291792860334641,0.03291792860334641,0.03268263827270038
174,lk,0.7751521696222783,2,0.1294527815673791,0.06673439087286083,0.06677613574165299,0.06667707682698314,0.1294527815673791,0.10593561992185077,0.08269984990074081,0.08311031093377451,0.06673439087286083,0.06673439087286083,0.06673439087286083,0.06673439087286083,0.06673439087286083
175,liver,0.7848761634914416,1,0.03683543870459758,0.0,0.03511290954183527,0.03683543870459758,0.0,0.0,0.0,0.0,0.0,0.0,0.0,0.0,0.0
176,spleen,0.7528090172860282,1,0.5691056910569106,0.10371933526773938,0.1273976153447382,0.5691056910569106,0.5691056910569106,0.14455882352941177,0.1403483723586522,0.09305627869550812,0.10371933526773938,0.10371933526773938,0.10371933526773938,0.10371933526773938,0.11302748074048523
177,rk,0.8052980338300881,4,0.14404930029528823,0.08675816740769379,0.08643401895077421,0.08736956860302134,0.08736956860302134,0.14404930029528823,0.14022370805473974,0.09737892726957126,0.08675816740769379,0.08675816740769379,0.08675816740769379,0.08631433187168244,0.08631433187168244
178,lk,0.7570175282824958,8,0.05344952795933188,0.03626777046837657,0.03617774282343689,0.037711679860630745,0.03932359148345043,0.046316981844498284,0.05013965528986988,0.05344952795933188,0.03626777046837657,0.03626777046837657,0.03626777046837657,0.03626777046837657,0.03626777046837657
179,liver,0.8036828812567854,8,0.07185437513306366,0.044919145538031544,0.06994093876282251,0.07030883808134993,0.07033447952485151,0.07033447952485151,0.06906077348066299,0.07185437513306366,0.044919145538031544,0.044919145538031544,0.044919145538031544,0.044919145538031544,0.044919145538031544
180,spleen,0.7084319941124836,8,0.0918566107371083,0.06418338108882521,0.06370875995449374,0.0637737550119813,0.06649186167318062,0.06780003026787065,0.07308915898523534,0.0918566107371083,0.06418338108882521,0.06418338108882521,0.06418338108882521,0.06418338108882521,0.06418338108882521
181,rk,0.7151367644902076,0,0.953125,0.0958023019634394,0.953125,0.9512928442573662,0.950661853188929,0.9467384799521245,0.9473684210526315,0.14367913352513115,0.0958023019634394,0.0958023019634394,0.0958023019634394,0.0958023019634394,0.0958023019634394
182,lk,0.67084473747848,4,0.11418151213353907,0.1009549795361528,0.027145096208356954,0.09107182814947415,0.09107182814947415,0.11418151213353907,0.09838046893884457,0.10681012990421204,0.1009549795361528,0.1009549795361528,0.1009549795361528,0.1009549795361528,0.1009549795361528
183,liver,0.7567612672760696,6,0.21842261316465705,0.20509806347831466,0.21629204319316217,0.21772683984105612,0.21772683984105612,0.21772683984105612,0.21842261316465705,0.20247366010077875,0.20509806347831466,0.20509806347831466,0.20509806347831466,0.20509806347831466,0.20509806347831466
184,spleen,0.8299941182963999,10,0.27437150486170586,0.27437150486170586,0.1675950146176335,0.1872764786795048,0.20513786349254182,0.21850425292890388,0.24969052313053047,0.26909773693052674,0.27437150486170586,0.27437150486170586,0.27437150486170586,0.27437150486170586,0.27437150486170586
185,rk,0.4618236131966114,1,0.030847130150904428,0.030524789029535863,0.018697627460878344,0.030847130150904428,0.030847130150904428,0.030847130150904428,0.030393540552072735,0.0305994316304276,0.030524789029535863,0.030524789029535863,0.030524789029535863,0.030524789029535863,0.030524789029535863
186,lk,0.7364970018962218,2,0.024968381542980703,0.02423762376237624,0.02486692942180326,0.024928716904276987,0.024968381542980703,0.023781767311727674,0.023781767311727674,0.024375672123312223,0.02423762376237624,0.02423762376237624,0.02423762376237624,0.02423762376237624,0.02423762376237624
187,liver,0.7848653972541635,2,0.1708375041708375,0.10867097025334933,0.10013974370410014,0.16989681716438282,0.1708375041708375,0.16623572505925446,0.10013974370410014,0.11082431028125105,0.10867097025334933,0.10867097025334933,0.10867097025334933,0.10867097025334933,0.10867097025334933
188,spleen,0.4730750143527985,10,0.02902908091856306,0.02902908091856306,0.02200392927308448,0.021999607149872324,0.02204030226700252,0.02560702364077004,0.02250713395763836,0.02198665096191598,0.02902908091856306,0.02902908091856306,0.02902908091856306,0.02902908091856306,0.02902908091856306
189,rk,0.8419808750559683,0,0.14017501988862371,0.10578135318484722,0.14017501988862371,0.11026282853566959,0.10788635807004654,0.10969308348378261,0.06929914260992685,0.08522370012091898,0.10578135318484722,0.10578135318484722,0.10578135318484722,0.09636313918512442,0.09636313918512442
190,lk,0.7589414081698608,4,0.03708637501998188,0.024701873935264053,0.031160458452722063,0.031520311580091484,0.031520311580091484,0.03708637501998188,0.03515329057023082,0.025680761567412,0.024701873935264053,0.024701873935264053,0.024701873935264053,0.024701873935264053,0.024701873935264053
191,liver,0.8089225601238701,10,0.9145129224652088,0.9145129224652088,0.9023146331894861,0.9058684521465143,0.9080142123963679,0.9105304829770388,0.9137862534763608,0.9137862534763608,0.9145129224652088,0.9145129224652088,0.9145129224652088,0.9141494435612083,0.9141494435612083
192,spleen,0.7566593398258825,4,0.09239311493614659,0.07931111181722857,0.07893238884321042,0.07900234221687662,0.07900234221687662,0.09239311493614659,0.08913012426796171,0.07925067471027147,0.07931111181722857,0.07931111181722857,0.07931111181722857,0.07931111181722857,0.07931111181722857
193,rk,0.8371287601608084,4,0.040812044274248546,0.019653909309081723,0.020444094074366048,0.020444094074366048,0.04043659043659044,0.040812044274248546,0.04061390686991021,0.04061390686991021,0.019653909309081723,0.019653909309081723,0.019653909309081723,0.019653909309081723,0.019653909309081723
194,lk,0.7628417510668448,0,0.950781702374059,0.08528043355999795,0.950781702374059,0.9311512415349887,0.0885538330855808,0.0773547280063071,0.0776789456526801,0.06932956481981795,0.08528043355999795,0.08528043355999795,0.08528043355999795,0.08528043355999795,0.08528043355999795
195,liver,0.7906364033695303,6,0.04840838304386845,0.04538480574115318,0.045055889939810835,0.04514683799817837,0.0451879958606416,0.04529066034474243,0.04840838304386845,0.04542639883090184,0.04538480574115318,0.04538480574115318,0.04538480574115318,0.04538480574115318,0.045326479165636896
196,spleen,0.7583041373351,8,0.1173825929726824,0.08186775732788003,0.08197952218430034,0.08285329929978269,0.08731370410759724,0.09540453588592764,0.1052262671397906,0.1173825929726824,0.08186775732788003,0.08186775732788003,0.08186775732788003,0.08186775732788003,0.08186775732788003
197,rk,0.7564818657106012,2,0.04527452046284072,0.030091099125138715,0.03012919896640827,0.030169737114469054,0.04527452046284072,0.04527452046284072,0.0424,0.03009032258064516,0.030091099125138715,0.030091099125138715,0.030091099125138715,0.030091099125138715,0.030091099125138715
198,lk,0.7688708838072484,1,0.051026560467108815,0.050776809397499054,0.05092314026031605,0.051026560467108815,0.051026560467108815,0.051026560467108815,0.05080568720379147,0.05084906555355279,0.050776809397499054,0.050776809397499054,0.050776809397499054,0.050776809397499054,0.050776809397499054
199,liver,0.6535839119783912,10,0.6418301414517725,0.6418301414517725,0.23773389669742176,0.45156006879043487,0.4091566801469224,0.5393082530208894,0.5713693376179123,0.619473004101354,0.6418301414517725,0.6418301414517725,0.6418301414517725,0.6418301414517725,0.6418301414517725
200,spleen,0.7682558607772279,0,0.19742998352553542,0.12475016655562958,0.19742998352553542,0.18555679425244642,0.18962025316455697,0.19098616688978134,0.18754303599374023,0.1797995559022985,0.12475016655562958,0.12475016655562958,0.12475016655562958,0.12475016655562958,0.12475016655562958
201,rk,0.7164825408805011,6,0.05445271126417363,0.05283566091863434,0.05288233994888461,0.03307872974519904,0.05360626899088437,0.05360626899088437,0.05445271126417363,0.05387681625305388,0.05283566091863434,0.05283566091863434,0.05283566091863434,0.05283566091863434,0.05283566091863434
202,lk,0.7103758629722257,10,0.08934153473832812,0.08934153473832812,0.051999882618775126,0.05203958767730757,0.05333654396050928,0.06350571623122962,0.07951893735415545,0.08559146017485389,0.08934153473832812,0.08934153473832812,0.08934153473832812,0.08934153473832812,0.08232670507340643
203,liver,0.8219466897339391,0,0.20464163822525597,0.11264324628968626,0.20464163822525597,0.20155976872394782,0.2018311565908173,0.20407051936559797,0.19655149806595423,0.19528400208441896,0.11264324628968626,0.11264324628968626,0.11264324628968626,0.11264324628968626,0.11264324628968626
204,spleen,0.7048737400270726,6,0.040821068938807124,0.038946162657502864,0.03869736020853985,0.03888724911452184,0.03953488372093023,0.03953488372093023,0.040821068938807124,0.039272673075489976,0.038946162657502864,0.038946162657502864,0.038946162657502864,0.038946162657502864,0.038946162657502864
205,rk,0.7228242931180258,8,0.11310701166592661,0.08511543134872418,0.08863722636973301,0.0870916607092904,0.08557815649624335,0.08557815649624335,0.10105673170555776,0.11310701166592661,0.08511543134872418,0.08511543134872418,0.08511543134872418,0.08511543134872418,0.08511543134872418
206,lk,0.7411877785155567,10,0.05134290573948815,0.05134290573948815,0.042561563432468766,0.04370517525842621,0.04550234873448784,0.045177682642441964,0.04679501045497152,0.04808475957620212,0.05134290573948815,0.05134290573948815,0.05134290573948815,0.05134290573948815,0.05134290573948815
207,liver,0.7923390887136235,10,0.40723286548509374,0.40723286548509374,0.17273515387949717,0.1801365836009226,0.19573714875728299,0.18564869840825934,0.3037240537240537,0.3876437341648801,0.40723286548509374,0.40723286548509374,0.40723286548509374,0.3761281481831498,0.3761281481831498
208,spleen,0.7143682904411657,10,0.08120266061747856,0.08120266061747856,0.0730593607305936,0.07328498559977792,0.0734225621414914,0.07372499738192481,0.07592752372735116,0.079154486170452,0.08120266061747856,0.08120266061747856,0.08120266061747856,0.08120266061747856,0.08120266061747856
209,rk,0.7163527929668903,0,0.8502316006176016,0.06372151338594291,0.8502316006176016,0.8127764127764128,0.06769833496571988,0.062113587347232206,0.06318329737833193,0.06435274839862952,0.06372151338594291,0.06372151338594291,0.06372151338594291,0.06347107438016529,0.06347107438016529
210,lk,0.7381823492779485,2,0.040903622510359575,0.03946553858852662,0.03479170456612698,0.039301310043668124,0.040903622510359575,0.03993109927967429,0.038516728343780685,0.04073590883676349,0.03946553858852662,0.03946553858852662,0.03946553858852662,0.03946553858852662,0.03946553858852662
211,liver,0.7698542467698809,4,0.38883629028938377,0.22182351981732182,0.33557665060923775,0.33557665060923775,0.3631688032547785,0.38883629028938377,0.36179483259440454,0.22060527413449507,0.22182351981732182,0.22182351981732182,0.22182351981732182,0.22182351981732182,0.22182351981732182
212,spleen,0.7546597846144198,24,0.13108559802354308,0.1272663139329806,0.08201864060013639,0.08221300642573942,0.08264992898703441,0.08683513838748495,0.08874895459241403,0.09562175341884872,0.1272663139329806,0.1272663139329806,0.1272663139329806,0.1272663139329806,0.13108559802354308
213,rk,0.7190815155826009,0,0.031692891418368487,0.028674317638743983,0.031692891418368487,0.031547376606065096,0.031547376606065096,0.031547376606065096,0.030286872133944757,0.026944971537001896,0.028674317638743983,0.028674317638743983,0.028674317638743983,0.028674317638743983,0.028674317638743983
214,lk,0.8318848877645411,4,0.09790518191841235,0.07428653377312491,0.07440034471202184,0.0741713003842207,0.07426168402943706,0.09790518191841235,0.07450557353469975,0.07462722404975149,0.07428653377312491,0.07428653377312491,0.07428653377312491,0.07428653377312491,0.07428653377312491
215,liver,0.7530798207148597,0,0.772162386081193,0.5969791416926397,0.772162386081193,0.5175888952272295,0.536295495982173,0.5486811886700536,0.5743838028169014,0.5755853603091612,0.5969791416926397,0.5969791416926397,0.5969791416926397,0.5953274607430104,0.5953274607430104
216,spleen,0.6880008300301174,6,0.056530357536157406,0.05245588936576061,0.050870412578865654,0.05221223936260383,0.05221223936260383,0.05316027477648521,0.056530357536157406,0.05033831268590854,0.05245588936576061,0.05245588936576061,0.05245588936576061,0.05245588936576061,0.05245588936576061
217,rk,0.7173959939559451,4,0.9396898334290638,0.061335203159021294,0.9386115892139989,0.9386115892139989,0.9386115892139989,0.9396898334290638,0.8621052631578947,0.8019559902200489,0.061335203159021294,0.061335203159021294,0.061335203159021294,0.05991780229288341,0.05991780229288341
218,lk,0.7236611499278967,0,0.5579733679766158,0.06186953597848016,0.5579733679766158,0.06530673242172906,0.06530673242172906,0.07164228042132874,0.08040108550664643,0.06183451837702077,0.06186953597848016,0.06186953597848016,0.06186953597848016,0.06186953597848016,0.06186953597848016
219,liver,0.8041271611877889,0,0.9071302108482214,0.4031390965828338,0.9071302108482214,0.3434970034696667,0.36187416925121846,0.3762957843814789,0.41253791708796766,0.34716459197787,0.4031390965828338,0.4031390965828338,0.4031390965828338,0.4031390965828338,0.34116541353383456
220,spleen,0.7751018330975212,16,0.018719580681392737,0.0,0.0,0.0,0.0,0.0,0.0,0.0,0.0,0.0,0.018719580681392737,0.018719580681392737,0.018719580681392737
221,rk,0.815717304684221,0,0.15368991198375084,0.01745012876196333,0.15368991198375084,0.13556285458345774,0.1091871091871092,0.09333881578947369,0.07474481396114586,0.053525112001886345,0.01745012876196333,0.01745012876196333,0.01745012876196333,0.01745012876196333,0.017434046311585575
222,lk,0.7683356186602246,0,0.06890860325974829,0.032655455612045366,0.06890860325974829,0.05762097817648581,0.05960560364058178,0.05178294573643411,0.053805879983890456,0.06473495493749394,0.032655455612045366,0.032655455612045366,0.032655455612045366,0.032655455612045366,0.032655455612045366
223,liver,0.8042120105332651,10,0.6256388415672913,0.6256388415672913,0.23165475189234652,0.346557621987182,0.346557621987182,0.4718668022913432,0.6023371830793413,0.6023371830793413,0.6256388415672913,0.6256388415672913,0.6256388415672913,0.6256388415672913,0.6256388415672913
224,spleen,0.7488177964217353,4,0.12208754631664888,0.10950261927561539,0.10828273826101487,0.10813817655893641,0.11053619150508899,0.12208754631664888,0.10695422535211267,0.11877558501863505,0.10950261927561539,0.10950261927561539,0.10950261927561539,0.10950261927561539,0.10950261927561539
225,rk,0.8141117425633821,6,0.16206673336079563,0.1401740723774622,0.10538399724486282,0.15737142857142858,0.15780426312170526,0.15608705508954884,0.16206673336079563,0.1448558804965285,0.1401740723774622,0.1401740723774622,0.1401740723774622,0.1401740723774622,0.1401740723774622
226,lk,0.7159603131615095,8,0.023679827128258227,0.02185383688562051,0.021918493207767314,0.021930373149885347,0.021968842668003176,0.02205543209358883,0.02254607801114445,0.023679827128258227,0.02185383688562051,0.02185383688562051,0.02185383688562051,0.02185383688562051,0.02185383688562051
227,liver,0.7689346461735082,4,0.03766464934140264,0.034423295916707335,0.03218446749612144,0.03447938732279615,0.03526196507132382,0.03766464934140264,0.03426942635960224,0.034376319979205254,0.034423295916707335,0.034423295916707335,0.034423295916707335,0.034423295916707335,0.034423295916707335
228,spleen,0.7922414854336726,4,0.286927374301676,0.1126996070562662,0.25152224824355973,0.24888261585509291,0.20647969052224371,0.286927374301676,0.28318985047575895,0.1107368766943235,0.1126996070562662,0.1126996070562662,0.1126996070562662,0.1126996070562662,0.1126996070562662
229,rk,0.7932113108810166,0,0.047080557577114705,0.04146125024649971,0.047080557577114705,0.04364523327624682,0.043861479086262645,0.045166487647690656,0.042872071980220736,0.04336839933993399,0.04146125024649971,0.04146125024649971,0.04146125024649971,0.04146125024649971,0.04146125024649971
230,lk,0.6837729857988915,10,0.021931315878952737,0.021931315878952737,0.01372340425531915,0.014214092887444218,0.01447567749537115,0.01485234010707501,0.01622794603264459,0.018581202736766295,0.021931315878952737,0.021931315878952737,0.021931315878952737,0.021931315878952737,0.02005363180599277
231,liver,0.7664791677581685,4,0.28983224383712686,0.18475750577367206,0.16403672996344834,0.16398190851770159,0.1634465911614479,0.28983224383712686,0.16462009886152676,0.17596289478088317,0.18475750577367206,0.18475750577367206,0.18475750577367206,0.18406902588470678,0.18406902588470678
232,spleen,0.6765026290166298,10,0.21305344432380263,0.21305344432380263,0.08805564558350577,0.09227232352787502,0.09785017730496454,0.09693177452110434,0.11075572279711508,0.15018922481609048,0.21305344432380263,0.21305344432380263,0.21305344432380263,0.21305344432380263,0.14923102923778941
233,rk,0.7584943997553877,2,0.06459642790466115,0.04920130824287813,0.0,0.001404001404001404,0.06459642790466115,0.06385334645669291,0.062439846005774784,0.062402308524708426,0.04920130824287813,0.04920130824287813,0.04920130824287813,0.04920130824287813,0.04822971842765542
234,lk,0.7342466492954174,2,0.906183368869936,0.08052543974087903,0.9032602886157135,0.8983324367939752,0.906183368869936,0.7091482649842271,0.07937072260243534,0.09567125046818985,0.08052543974087903,0.08052543974087903,0.08052543974087903,0.09088130412633724,0.09088130412633724
235,liver,0.8193177095602879,10,0.18638249177513946,0.18638249177513946,0.10217493350023471,0.095172263251719,0.095172263251719,0.10608335700661499,0.16038433111603842,0.16112278966242116,0.18638249177513946,0.18638249177513946,0.18638249177513946,0.18638249177513946,0.18638249177513946
236,spleen,0.7565004493005913,4,0.07353882740327448,0.06929541047188106,0.062037037037037036,0.0675006296700529,0.0675006296700529,0.07353882740327448,0.07086822388717497,0.07147301982398435,0.06929541047188106,0.06929541047188106,0.06929541047188106,0.06929541047188106,0.06929541047188106
237,rk,0.7225898789471961,0,0.0518717683557394,0.029874213836477988,0.0518717683557394,0.028522039757994815,0.029179076693968728,0.030186317461845844,0.0291147175593787,0.030333083379695702,0.029874213836477988,0.029874213836477988,0.029874213836477988,0.029874213836477988,0.02961038961038961
238,lk,0.7467947003433169,0,0.6649916247906198,0.03782052780439915,0.6649916247906198,0.6423948220064725,0.6423948220064725,0.6423948220064725,0.05306309851764397,0.12051243855206316,0.03782052780439915,0.03782052780439915,0.03782052780439915,0.03782052780439915,0.03782052780439915
239,liver,0.779588452026234,4,0.4185879479997127,0.26998355453640005,0.39465041476214663,0.26006247211066486,0.26006247211066486,0.4185879479997127,0.27958072485668367,0.2752107288739877,0.26998355453640005,0.26998355453640005,0.26998355453640005,0.26998355453640005,0.26998355453640005
240,spleen,0.7467684194052537,20,0.1834891210431231,0.11733976290938317,0.11060082382462952,0.11058511645521682,0.11058511645521682,0.11116398591415247,0.11189615117476588,0.11490125673249552,0.11733976290938317,0.11733976290938317,0.11733976290938317,0.1834891210431231,0.1834891210431231
241,rk,0.8102663623187845,0,0.8259493670886076,0.05238695969723126,0.8259493670886076,0.051076225926525325,0.0513437886379905,0.052521218172740886,0.05393212344919512,0.05285369774919614,0.05238695969723126,0.05238695969723126,0.05238695969723126,0.05238695969723126,0.05238695969723126
242,lk,0.7687858726714814,10,0.04053409632808774,0.04053409632808774,0.0385312783318223,0.03854875283446712,0.03854875283446712,0.03856999319353061,0.03851631279129984,0.038647656782826154,0.04053409632808774,0.04053409632808774,0.04053409632808774,0.04053409632808774,0.04053409632808774
243,liver,0.7526897408141566,1,0.756025531104125,0.5906525828389524,0.7480196152395322,0.756025531104125,0.756025531104125,0.5305777604471307,0.5851910257329224,0.6529110684580934,0.5906525828389524,0.5906525828389524,0.5906525828389524,0.4485960767075114,0.4485960767075114
244,spleen,0.7625108772501654,16,0.31385557540188824,0.205788857286264,0.04429080695689748,0.07993760967050108,0.09010328913632701,0.10718954248366012,0.1455965909090909,0.17977199649225373,0.205788857286264,0.205788857286264,0.31385557540188824,0.31385557540188824,0.31385557540188824
245,rk,0.635274500215238,4,0.8988372093023256,0.05159729261354347,0.8645660585959093,0.8669623059866962,0.8951939779965258,0.8988372093023256,0.8733821046707935,0.0517410977769034,0.05159729261354347,0.05159729261354347,0.05159729261354347,0.05159729261354347,0.05159729261354347
246,lk,0.6995193467373917,10,0.04966745333619395,0.04966745333619395,0.04281289010125295,0.04290811361846068,0.04290811361846068,0.043200373221366925,0.04335003042928702,0.04390706495969654,0.04966745333619395,0.04966745333619395,0.04966745333619395,0.04966745333619395,0.04966745333619395
247,liver,0.7343102771052923,4,0.6450046141143329,0.6278289629104654,0.5656170212765957,0.6337275848912629,0.6337275848912629,0.6450046141143329,0.5940293171254916,0.6218707594403631,0.6278289629104654,0.6278289629104654,0.6278289629104654,0.6278289629104654,0.6278289629104654
248,spleen,0.7336770919327298,0,0.8731522860089378,0.22511234013135153,0.8731522860089378,0.19337119103292136,0.21250560835338744,0.19025708442886358,0.1715904225537661,0.1714041321226477,0.22511234013135153,0.22511234013135153,0.22511234013135153,0.22511234013135153,0.20037690858043922
249,rk,0.7237985394529414,0,0.8465204957102002,0.03723924380704042,0.8465204957102002,0.832089552238806,0.8268156424581006,0.8291316526610645,0.03881763356833432,0.03852476290832455,0.03723924380704042,0.03723924380704042,0.03723924380704042,0.03723924380704042,0.03723924380704042
